Date;Open;High;Low;Close;Adj Close
13.07.2017;36.375.000;37.122.501;36.360.001;36.942.501;34.972.218
14.07.2017;36.992.500;37.332.500;36.832.500;37.259.998;35.272.778
17.07.2017;37.205.002;37.724.998;37.142.502;37.389.999;35.395.851
18.07.2017;37.299.999;37.532.501;37.167.500;37.520.000;35.518.913
19.07.2017;37.619.999;37.855.000;37.487.499;37.755.001;35.741.386
20.07.2017;37.875.000;37.935.001;37.547.501;37.584.999;35.580.441
21.07.2017;37.497.501;37.610.001;37.220.001;37.567.501;35.563.877
24.07.2017;37.645.000;38.110.001;37.474.998;38.022.499;35.994.614
25.07.2017;37.950.001;38.459.999;37.950.001;38.185.001;36.148.445
26.07.2017;38.337.502;38.482.498;38.264.999;38.365.002;36.318.840
27.07.2017;38.437.500;38.497.501;36.825.001;37.639.999;35.632.504
28.07.2017;37.472.500;37.557.499;37.297.501;37.375.000;35.381.641
31.07.2017;37.474.998;37.582.500;37.032.501;37.182.499;35.199.409
01.08.2017;37.275.002;37.555.000;37.102.501;37.512.501;35.511.814
02.08.2017;39.820.000;39.937.500;39.040.001;39.285.000;37.189.785
03.08.2017;39.262.501;39.302.502;38.755.001;38.892.502;36.818.218
04.08.2017;39.017.502;39.349.998;38.922.501;39.097.500;37.012.276
07.08.2017;39.264.999;39.730.000;39.167.500;39.702.499;37.585.014
08.08.2017;39.650.002;40.457.500;39.567.501;40.020.000;37.885.578
09.08.2017;39.814.999;40.317.501;39.777.500;40.264.999;38.117.508
10.08.2017;39.974.998;40.000.000;38.657.501;38.830.002;36.903.397
11.08.2017;39.150.002;39.642.502;39.017.502;39.369.999;37.416.595
14.08.2017;39.830.002;40.052.502;39.687.500;39.962.502;37.979.713
15.08.2017;40.165.001;40.549.999;40.035.000;40.400.002;38.395.496
16.08.2017;40.485.001;40.627.499;40.037.498;40.237.499;38.241.058
17.08.2017;40.130.001;40.177.502;39.459.999;39.465.000;37.506.893
18.08.2017;39.465.000;39.875.000;39.180.000;39.375.000;37.421.356
21.08.2017;39.375.000;39.472.500;38.777.500;39.302.502;37.352.459
22.08.2017;39.557.499;40.000.000;39.505.001;39.945.000;37.963.074
23.08.2017;39.767.502;40.117.500;39.720.001;39.994.999;38.010.590
24.08.2017;40.107.498;40.185.001;39.637.501;39.817.501;37.841.900
25.08.2017;39.912.498;40.139.999;39.817.501;39.965.000;37.982.079
28.08.2017;40.035.000;40.500.000;39.982.498;40.367.500;38.364.605
29.08.2017;40.025.002;40.779.999;40.000.000;40.727.501;38.706.753
30.08.2017;40.950.001;40.972.500;40.652.500;40.837.502;38.811.295
31.08.2017;40.910.000;41.130.001;40.869.999;41.000.000;38.965.733
01.09.2017;41.200.001;41.235.001;40.907.501;41.012.501;38.977.623
05.09.2017;40.937.500;41.062.500;40.139.999;40.520.000;38.509.544
06.09.2017;40.677.502;40.747.501;40.130.001;40.477.501;38.469.162
07.09.2017;40.522.499;40.560.001;40.090.000;40.314.999;38.314.716
08.09.2017;40.215.000;40.287.498;39.632.500;39.657.501;37.689.838
11.09.2017;40.125.000;40.512.501;39.972.500;40.375.000;38.371.746
12.09.2017;40.652.500;40.990.002;39.692.501;40.215.000;38.219.677
13.09.2017;39.967.499;39.990.002;39.477.501;39.912.498;37.932.190
14.09.2017;39.747.501;39.849.998;39.522.499;39.570.000;37.606.693
15.09.2017;39.617.500;40.242.500;39.500.000;39.970.001;37.986.847
18.09.2017;40.027.500;40.125.000;39.500.000;39.667.500;37.699.337
19.09.2017;39.877.499;39.942.501;39.610.001;39.682.499;37.713.596
20.09.2017;39.474.998;39.564.999;38.457.500;39.017.502;37.081.600
21.09.2017;38.950.001;38.950.001;38.187.500;38.347.500;36.444.836
22.09.2017;37.884.998;38.067.501;37.639.999;37.972.500;36.088.440
25.09.2017;37.497.501;37.957.500;37.290.001;37.637.501;35.770.073
26.09.2017;37.945.000;38.480.000;37.922.501;38.285.000;36.385.437
27.09.2017;38.450.001;38.680.000;38.384.998;38.557.499;36.644.417
28.09.2017;38.472.500;38.570.000;38.174.999;38.320.000;36.418.694
29.09.2017;38.302.502;38.532.501;38.000.000;38.529.999;36.618.282
02.10.2017;38.564.999;38.612.499;38.180.000;38.452.499;36.544.621
03.10.2017;38.502.499;38.772.499;38.477.501;38.619.999;36.703.808
04.10.2017;38.407.501;38.465.000;38.115.002;38.369.999;36.466.221
05.10.2017;38.544.998;38.860.001;38.512.501;38.847.500;36.920.029
06.10.2017;38.742.500;38.872.501;38.639.999;38.825.001;36.898.647
09.10.2017;38.952.499;39.182.499;38.872.501;38.959.999;37.026.943
10.10.2017;39.014.999;39.500.000;38.775.002;38.974.998;37.041.199
11.10.2017;38.992.500;39.244.999;38.937.500;39.137.501;37.195.644
12.10.2017;39.087.502;39.342.499;38.932.499;39.000.000;37.064.964
13.10.2017;39.182.499;39.320.000;39.102.501;39.247.501;37.300.182
16.10.2017;39.474.998;40.000.000;39.412.498;39.970.001;37.986.847
17.10.2017;39.945.000;40.217.499;39.807.499;40.117.500;38.127.018
18.10.2017;40.105.000;40.177.502;39.900.002;39.939.999;37.958.321
19.10.2017;39.187.500;39.270.000;38.755.001;38.994.999;37.060.207
20.10.2017;39.152.500;39.437.500;38.990.002;39.062.500;37.124.359
23.10.2017;39.222.500;39.422.501;38.875.000;39.042.500;37.105.347
24.10.2017;39.072.498;39.355.000;39.049.999;39.275.002;37.326.321
25.10.2017;39.227.501;39.387.501;38.817.501;39.102.501;37.162.376
26.10.2017;39.307.499;39.457.500;39.195.000;39.352.501;37.399.979
27.10.2017;39.822.498;40.900.002;39.674.999;40.762.501;38.740.009
30.10.2017;40.972.500;42.017.502;40.930.000;41.680.000;39.611.996
31.10.2017;41.974.998;42.412.498;41.735.001;42.259.998;40.163.212
01.11.2017;42.467.499;42.485.001;41.402.500;41.722.500;39.652.374
02.11.2017;41.650.002;42.125.000;41.320.000;42.027.500;39.942.249
03.11.2017;43.500.000;43.564.999;42.779.999;43.125.000;40.985.291
06.11.2017;43.092.499;43.747.501;42.930.000;43.562.500;41.401.093
07.11.2017;43.477.501;43.812.500;43.400.002;43.702.499;41.534.134
08.11.2017;43.665.001;44.060.001;43.582.500;44.060.001;41.873.913
09.11.2017;43.777.500;44.025.002;43.285.000;43.970.001;41.788.372
10.11.2017;43.777.500;43.845.001;43.567.501;43.667.500;41.650.078
13.11.2017;43.375.000;43.625.000;43.349.998;43.492.500;41.483.150
14.11.2017;43.259.998;43.369.999;42.794.998;42.834.999;40.856.033
15.11.2017;42.492.500;42.580.002;42.095.001;42.270.000;40.317.127
16.11.2017;42.794.998;42.967.499;42.575.001;42.775.002;40.798.798
17.11.2017;42.759.998;42.847.500;42.410.000;42.537.498;40.572.273
20.11.2017;42.572.498;42.639.999;42.389.999;42.494.999;40.531.731
21.11.2017;42.695.000;43.424.999;42.695.000;43.285.000;41.285.240
22.11.2017;43.340.000;43.750.000;43.262.501;43.740.002;41.719.212
24.11.2017;43.775.002;43.875.000;43.662.498;43.742.500;41.721.600
27.11.2017;43.762.501;43.770.000;43.334.999;43.522.499;41.511.761
28.11.2017;43.575.001;43.717.499;42.965.000;43.267.502;41.268.551
29.11.2017;43.157.501;43.230.000;41.790.001;42.369.999;40.412.518
30.11.2017;42.607.498;43.035.000;42.110.001;42.962.502;40.977.638
01.12.2017;42.487.499;42.917.500;42.125.000;42.762.501;40.786.873
04.12.2017;43.119.999;43.154.999;42.407.501;42.450.001;40.488.819
05.12.2017;42.264.999;42.880.001;42.099.998;42.410.000;40.450.657
06.12.2017;41.875.000;42.549.999;41.615.002;42.252.499;40.300.442
07.12.2017;42.257.500;42.610.001;42.227.501;42.330.002;40.374.359
08.12.2017;42.622.501;42.750.000;42.205.002;42.342.499;40.386.284
11.12.2017;42.299.999;43.222.500;42.197.498;43.167.500;41.173.168
12.12.2017;43.037.498;43.097.500;42.865.002;42.924.999;40.941.875
13.12.2017;43.125.000;43.384.998;43.000.000;43.067.501;41.077.797
14.12.2017;43.099.998;43.282.501;42.912.498;43.055.000;41.065.868
15.12.2017;43.407.501;43.542.500;43.115.002;43.492.500;41.483.150
18.12.2017;43.720.001;44.299.999;43.715.000;44.105.000;42.067.356
19.12.2017;43.757.500;43.847.500;43.522.499;43.634.998;41.619.072
20.12.2017;43.717.499;43.855.000;43.312.500;43.587.502;41.573.761
21.12.2017;43.542.500;44.005.001;43.525.002;43.752.499;41.731.152
22.12.2017;43.669.998;43.855.000;43.625.000;43.752.499;41.731.152
26.12.2017;42.700.001;42.867.500;42.419.998;42.642.502;40.672.424
27.12.2017;42.525.002;42.695.000;42.427.502;42.650.002;40.679.592
28.12.2017;42.750.000;42.962.502;42.619.999;42.770.000;40.794.029
29.12.2017;42.630.001;42.647.499;42.305.000;42.307.499;40.352.898
02.01.2018;42.540.001;43.075.001;42.314.999;43.064.999;41.075.409
03.01.2018;43.132.500;43.637.501;42.990.002;43.057.499;41.068.245
04.01.2018;43.134.998;43.367.500;43.020.000;43.257.500;41.259.007
05.01.2018;43.360.001;43.842.499;43.262.501;43.750.000;41.728.756
08.01.2018;43.587.502;43.902.500;43.482.498;43.587.502;41.573.761
09.01.2018;43.637.501;43.764.999;43.352.501;43.582.500;41.568.993
10.01.2018;43.290.001;43.575.001;43.250.000;43.572.498;41.559.456
11.01.2018;43.647.499;43.872.501;43.622.501;43.820.000;41.795.521
12.01.2018;44.044.998;44.340.000;43.912.498;44.272.499;42.227.116
16.01.2018;44.474.998;44.847.500;44.035.000;44.047.501;42.012.505
17.01.2018;44.037.498;44.812.500;43.767.502;44.775.002;42.706.398
18.01.2018;44.842.499;45.025.002;44.562.500;44.814.999;42.744.549
19.01.2018;44.652.500;44.895.000;44.352.501;44.615.002;42.553.795
22.01.2018;44.325.001;44.445.000;44.150.002;44.250.000;42.205.658
23.01.2018;44.325.001;44.860.001;44.205.002;44.259.998;42.215.195
24.01.2018;44.312.500;44.325.001;43.299.999;43.555.000;41.542.770
25.01.2018;43.627.499;43.737.499;42.632.500;42.777.500;40.801.189
26.01.2018;43.000.000;43.000.000;42.514.999;42.877.499;40.896.564
29.01.2018;42.540.001;42.540.001;41.767.502;41.990.002;40.050.076
30.01.2018;41.382.500;41.842.499;41.174.999;41.742.500;39.814.007
31.01.2018;41.717.499;42.110.001;41.625.000;41.857.498;39.923.695
01.02.2018;41.792.500;42.154.999;41.689.999;41.945.000;40.007.145
02.02.2018;41.500.000;41.700.001;40.025.002;40.125.000;38.271.236
05.02.2018;39.775.002;40.970.001;39.000.000;39.122.501;37.315.048
06.02.2018;38.707.500;40.930.000;38.500.000;40.757.500;38.874.508
07.02.2018;40.772.499;40.849.998;39.767.502;39.884.998;38.042.316
08.02.2018;40.072.498;40.250.000;38.757.500;38.787.498;36.995.514
09.02.2018;39.267.502;39.472.500;37.560.001;39.102.501;37.448.029
12.02.2018;39.625.000;40.972.500;39.377.499;40.677.502;38.956.394
13.02.2018;40.487.499;41.187.500;40.412.498;41.084.999;39.346.653
14.02.2018;40.759.998;41.884.998;40.720.001;41.842.499;40.072.094
15.02.2018;42.447.498;43.272.499;42.250.000;43.247.501;41.417.656
16.02.2018;43.090.000;43.705.002;42.942.501;43.107.498;41.283.573
20.02.2018;43.012.501;43.564.999;42.855.000;42.962.502;41.144.711
21.02.2018;43.207.500;43.529.999;42.752.499;42.767.502;40.957.958
22.02.2018;42.950.001;43.487.499;42.927.502;43.125.000;41.300.335
23.02.2018;43.417.500;43.912.498;43.384.998;43.875.000;42.018.597
26.02.2018;44.087.502;44.847.500;44.052.502;44.742.500;42.849.396
27.02.2018;44.775.002;45.119.999;44.540.001;44.597.500;42.710.529
28.02.2018;44.814.999;45.154.999;44.512.501;44.529.999;42.645.885
01.03.2018;44.634.998;44.945.000;43.165.001;43.750.000;41.898.891
02.03.2018;43.200.001;44.075.001;43.112.499;44.052.502;42.188.602
05.03.2018;43.802.502;44.435.001;43.630.001;44.205.002;42.334.633
06.03.2018;44.477.501;44.562.500;44.032.501;44.167.500;42.298.729
07.03.2018;43.735.001;43.962.502;43.567.501;43.757.500;41.906.078
08.03.2018;43.869.999;44.279.999;43.767.502;44.235.001;42.363.377
09.03.2018;44.490.002;45.000.000;44.347.500;44.994.999;43.091.209
12.03.2018;45.072.498;45.597.500;45.052.502;45.430.000;43.507.801
13.03.2018;45.647.499;45.875.000;44.810.001;44.992.500;43.088.829
14.03.2018;45.080.002;45.130.001;44.452.499;44.610.001;42.722.511
15.03.2018;44.625.000;45.060.001;44.517.502;44.662.498;42.772.785
16.03.2018;44.662.498;44.779.999;44.404.999;44.505.001;42.621.948
19.03.2018;44.330.002;44.367.500;43.415.001;43.825.001;41.970.722
20.03.2018;43.810.001;44.200.001;43.735.001;43.810.001;41.956.348
21.03.2018;43.759.998;43.772.499;42.814.999;42.817.501;41.005.840
22.03.2018;42.500.000;43.169.998;42.150.002;42.212.502;40.426.445
23.03.2018;42.097.500;42.480.000;41.235.001;41.235.001;39.490.303
26.03.2018;42.017.502;43.275.002;41.610.001;43.192.501;41.364.983
27.03.2018;43.419.998;43.787.498;41.730.000;42.084.999;40.304.340
28.03.2018;41.812.500;42.505.001;41.297.501;41.619.999;39.859.016
29.03.2018;41.952.499;42.937.500;41.724.998;41.945.000;40.170.261
02.04.2018;41.660.000;42.235.001;41.117.500;41.669.998;39.906.902
03.04.2018;41.910.000;42.187.500;41.220.001;42.097.500;40.316.311
04.04.2018;41.220.001;43.002.499;41.192.501;42.902.500;41.087.257
05.04.2018;43.145.000;43.557.499;43.020.000;43.200.001;41.372.154
06.04.2018;42.742.500;43.119.999;42.049.999;42.095.001;40.313.919
09.04.2018;42.470.001;43.272.499;42.462.502;42.512.501;40.713.757
10.04.2018;43.250.000;43.500.000;42.882.500;43.312.500;41.479.908
11.04.2018;43.057.499;43.480.000;42.924.999;43.110.001;41.285.976
12.04.2018;43.352.501;43.750.000;43.259.998;43.535.000;41.692.982
13.04.2018;43.695.000;43.959.999;43.462.502;43.682.499;41.834.255
16.04.2018;43.757.500;44.047.501;43.707.500;43.955.002;42.095.219
17.04.2018;44.122.501;44.735.001;44.102.501;44.560.001;42.674.622
18.04.2018;44.452.499;44.705.002;44.220.001;44.459.999;42.578.842
19.04.2018;43.439.999;43.847.500;43.165.001;43.200.001;41.372.154
20.04.2018;42.650.002;42.805.000;41.357.498;41.430.000;39.677.055
23.04.2018;41.707.500;41.730.000;41.022.499;41.310.001;39.562.130
24.04.2018;41.417.500;41.582.500;40.305.000;40.735.001;39.011.463
25.04.2018;40.654.999;41.355.000;40.602.501;40.912.498;39.181.446
26.04.2018;41.029.999;41.432.499;40.842.499;41.055.000;39.317.909
27.04.2018;41.000.000;41.082.500;40.157.501;40.580.002;38.863.018
30.04.2018;40.532.501;41.814.999;40.459.999;41.314.999;39.566.925
01.05.2018;41.602.501;42.299.999;41.317.501;42.275.002;40.486.305
02.05.2018;43.807.499;44.437.500;43.450.001;44.142.502;42.274.780
03.05.2018;43.970.001;44.375.000;43.610.001;44.222.500;42.351.402
04.05.2018;44.562.500;46.062.500;44.542.500;45.957.500;44.012.997
07.05.2018;46.294.998;46.917.500;46.187.500;46.290.001;44.331.421
08.05.2018;46.247.501;46.555.000;45.917.500;46.512.501;44.544.506
09.05.2018;46.637.501;46.849.998;46.305.000;46.840.000;44.858.143
10.05.2018;46.935.001;47.592.499;46.912.498;47.509.998;45.499.802
11.05.2018;47.372.501;47.514.999;46.862.499;47.147.499;45.326.752
14.05.2018;47.252.499;47.382.500;46.965.000;47.037.498;45.220.997
15.05.2018;46.695.000;46.767.502;46.275.002;46.610.001;44.810.005
16.05.2018;46.517.502;47.115.002;46.500.000;47.044.998;45.228.203
17.05.2018;47.000.000;47.227.501;46.590.000;46.747.501;44.942.196
18.05.2018;46.797.501;46.952.499;46.532.501;46.577.499;44.778.763
21.05.2018;47.000.000;47.317.501;46.727.501;46.907.501;45.096.012
22.05.2018;47.095.001;47.220.001;46.695.000;46.790.001;44.983.063
23.05.2018;46.587.502;47.125.000;46.439.999;47.090.000;45.271.473
24.05.2018;47.192.501;47.209.999;46.552.502;47.037.498;45.220.997
25.05.2018;47.057.499;47.412.498;46.912.498;47.145.000;45.324.345
29.05.2018;46.900.002;47.187.500;46.717.499;46.974.998;45.160.915
30.05.2018;46.930.000;47.000.000;46.695.000;46.875.000;45.064.785
31.05.2018;46.805.000;47.057.499;46.535.000;46.717.499;44.913.361
01.06.2018;46.997.501;47.564.999;46.937.500;47.560.001;45.723.320
04.06.2018;47.910.000;48.355.000;47.837.502;47.957.500;46.105.473
05.06.2018;48.267.502;48.485.001;48.090.000;48.327.499;46.461.185
06.06.2018;48.407.501;48.520.000;47.980.000;48.494.999;46.622.215
07.06.2018;48.535.000;48.549.999;48.084.999;48.365.002;46.497.231
08.06.2018;47.792.500;48.000.000;47.442.501;47.924.999;46.074.223
11.06.2018;47.837.502;47.992.500;47.552.502;47.807.499;45.961.262
12.06.2018;47.847.500;48.152.500;47.787.498;48.070.000;46.213.631
13.06.2018;48.105.000;48.220.001;47.610.001;47.674.999;45.833.881
14.06.2018;47.887.501;47.892.502;47.555.000;47.700.001;45.857.914
15.06.2018;47.507.500;47.540.001;47.064.999;47.209.999;45.386.841
18.06.2018;46.970.001;47.305.000;46.799.999;47.185.001;45.362.804
19.06.2018;46.285.000;46.582.500;45.862.499;46.422.501;44.629.749
20.06.2018;46.587.502;46.799.999;46.432.499;46.625.000;44.824.432
21.06.2018;46.812.500;47.087.502;46.235.001;46.365.002;44.574.474
22.06.2018;46.529.999;46.537.498;46.174.999;46.230.000;44.444.687
25.06.2018;45.849.998;46.230.000;45.182.499;45.542.500;43.783.730
26.06.2018;45.747.501;46.632.500;45.634.998;46.107.498;44.326.916
27.06.2018;46.307.499;46.820.000;46.007.500;46.040.001;44.262.020
28.06.2018;46.025.002;46.552.502;45.950.001;46.375.000;44.584.080
29.06.2018;46.572.498;46.797.501;45.727.501;46.277.500;44.490.349
02.07.2018;45.955.002;46.825.001;45.855.000;46.794.998;44.987.858
03.07.2018;46.947.498;46.987.499;45.884.998;45.980.000;44.204.346
05.07.2018;46.314.999;46.602.501;46.070.000;46.349.998;44.560.043
06.07.2018;46.355.000;47.107.498;46.299.999;46.992.500;45.177.746
09.07.2018;47.375.000;47.669.998;47.325.001;47.645.000;45.805.038
10.07.2018;47.677.502;47.820.000;47.544.998;47.587.502;45.749.752
11.07.2018;47.125.000;47.445.000;46.902.500;46.970.001;45.156.101
12.07.2018;47.382.500;47.852.501;47.327.499;47.757.500;45.913.197
13.07.2018;47.770.000;47.959.999;47.724.998;47.832.500;45.985.298
16.07.2018;47.880.001;48.162.498;47.605.000;47.727.501;45.884.350
17.07.2018;47.437.500;47.967.499;47.299.999;47.862.499;46.014.141
18.07.2018;47.945.000;47.950.001;47.482.498;47.599.998;45.761.787
19.07.2018;47.422.501;48.137.501;47.422.501;47.970.001;46.117.489
20.07.2018;47.945.000;48.107.498;47.542.500;47.860.001;46.011.734
23.07.2018;47.669.998;47.990.002;47.389.999;47.902.500;46.052.597
24.07.2018;48.112.499;48.415.001;48.012.501;48.250.000;46.386.673
25.07.2018;48.264.999;48.712.502;48.107.498;48.705.002;46.824.108
26.07.2018;48.652.500;48.990.002;48.402.500;48.552.502;46.677.494
27.07.2018;48.747.501;48.797.501;47.525.002;47.744.999;45.901.180
30.07.2018;47.974.998;48.049.999;47.267.502;47.477.501;45.644.012
31.07.2018;47.575.001;48.035.000;47.334.999;47.572.498;45.735.336
01.08.2018;49.782.501;50.439.999;49.327.499;50.375.000;48.429.615
02.08.2018;50.145.000;52.095.001;50.087.502;51.847.500;49.845.249
03.08.2018;51.757.500;52.185.001;51.369.999;51.997.501;49.989.445
06.08.2018;52.000.000;52.312.500;51.767.502;52.267.502;50.249.031
07.08.2018;52.330.002;52.375.000;51.689.999;51.777.500;49.777.946
08.08.2018;51.512.501;51.952.499;51.130.001;51.812.500;49.811.600
09.08.2018;52.382.500;52.445.000;51.799.999;52.220.001;50.203.365
10.08.2018;51.840.000;52.275.002;51.667.500;51.882.500;50.053.825
13.08.2018;52.327.499;52.737.499;51.924.999;52.217.499;50.377.014
14.08.2018;52.540.001;52.639.999;52.064.999;52.437.500;50.589.268
15.08.2018;52.305.000;52.685.001;52.082.500;52.560.001;50.707.451
16.08.2018;52.937.500;53.452.499;52.867.500;53.330.002;51.450.310
17.08.2018;53.360.001;54.487.499;53.290.001;54.395.000;52.477.772
20.08.2018;54.525.002;54.794.998;53.777.500;53.865.002;51.966.454
21.08.2018;54.200.001;54.297.501;53.507.500;53.759.998;51.865.154
22.08.2018;53.525.002;54.090.000;53.459.999;53.762.501;51.867.561
23.08.2018;53.662.498;54.262.501;53.650.002;53.872.501;51.973.690
24.08.2018;54.150.002;54.224.998;53.777.500;54.040.001;52.135.284
27.08.2018;54.287.498;54.685.001;54.082.500;54.485.001;52.564.602
28.08.2018;54.752.499;55.134.998;54.730.000;54.924.999;52.989.086
29.08.2018;55.037.498;55.872.501;54.852.501;55.744.999;53.780.178
30.08.2018;55.812.500;57.064.999;55.599.998;56.257.500;54.274.628
31.08.2018;56.627.499;57.217.499;56.500.000;56.907.501;54.901.711
04.09.2018;57.102.501;57.294.998;56.657.501;57.090.000;55.077.778
05.09.2018;57.247.501;57.417.500;56.275.002;56.717.499;54.718.403
06.09.2018;56.557.499;56.837.502;55.325.001;55.775.002;53.809.135
07.09.2018;55.462.502;56.342.499;55.177.502;55.325.001;53.374.989
10.09.2018;55.237.499;55.462.502;54.117.500;54.582.500;52.658.665
11.09.2018;54.502.499;56.075.001;54.139.999;55.962.502;53.990.013
12.09.2018;56.235.001;56.250.000;54.959.999;55.267.502;53.319.515
13.09.2018;55.880.001;57.087.502;55.642.502;56.602.501;54.607.456
14.09.2018;56.437.500;56.709.999;55.630.001;55.959.999;53.987.610
17.09.2018;55.537.498;55.737.499;54.317.501;54.470.001;52.550.125
18.09.2018;54.447.498;55.462.502;54.279.999;54.560.001;52.636.951
19.09.2018;54.625.000;54.904.999;53.825.001;54.592.499;52.668.308
20.09.2018;55.060.001;55.570.000;54.787.498;55.007.500;53.068.676
21.09.2018;55.195.000;55.340.000;54.322.498;54.415.001;52.497.063
24.09.2018;54.205.002;55.314.999;54.157.501;55.197.498;53.251.984
25.09.2018;54.937.500;55.705.002;54.924.999;55.547.501;53.589.642
26.09.2018;55.250.000;55.937.500;54.939.999;55.105.000;53.162.743
27.09.2018;55.955.002;56.610.001;55.884.998;56.237.499;54.255.322
28.09.2018;56.197.498;56.459.999;56.005.001;56.435.001;54.445.873
01.10.2018;56.987.499;57.355.000;56.587.502;56.814.999;54.812.473
02.10.2018;56.812.500;57.500.000;56.657.501;57.320.000;55.299.667
03.10.2018;57.512.501;58.367.500;57.445.000;58.017.502;55.972.588
04.10.2018;57.695.000;58.087.502;56.682.499;56.997.501;54.988.541
05.10.2018;56.990.002;57.102.501;55.145.000;56.072.498;54.096.146
08.10.2018;55.552.502;56.200.001;55.049.999;55.942.501;53.970.722
09.10.2018;55.910.000;56.817.501;55.562.500;56.717.499;54.718.403
10.10.2018;56.365.002;56.587.502;54.012.501;54.090.000;52.183.525
11.10.2018;53.630.001;54.875.000;53.080.002;53.612.499;51.722.843
12.10.2018;55.105.000;55.720.001;54.209.999;55.527.500;53.570.354
15.10.2018;55.290.001;55.457.500;54.317.501;54.340.000;52.424.709
16.10.2018;54.732.498;55.747.501;54.189.999;55.537.498;53.580.002
17.10.2018;55.575.001;55.660.000;54.834.999;55.297.501;53.348.465
18.10.2018;54.465.000;54.935.001;53.250.000;54.005.001;52.101.524
19.10.2018;54.514.999;55.314.999;54.357.498;54.827.499;52.895.023
22.10.2018;54.947.498;55.840.000;54.735.001;55.162.498;53.218.216
23.10.2018;53.957.500;55.812.500;53.674.999;55.682.499;53.719.894
24.10.2018;55.650.002;56.057.499;53.634.998;53.772.499;51.877.205
25.10.2018;54.427.502;55.345.001;54.187.500;54.950.001;53.013.203
26.10.2018;53.974.998;55.047.501;53.167.500;54.075.001;52.169.044
29.10.2018;54.797.501;54.922.501;51.522.499;53.060.001;51.189.816
30.10.2018;52.787.498;53.794.998;52.317.501;53.325.001;51.445.484
31.10.2018;54.220.001;55.112.499;54.154.999;54.715.000;52.786.491
01.11.2018;54.762.501;55.590.000;54.202.499;55.555.000;53.596.886
02.11.2018;52.387.501;53.412.498;51.357.498;51.869.999;50.041.767
05.11.2018;51.075.001;51.097.500;49.542.500;50.397.499;48.621.170
06.11.2018;50.480.000;51.180.000;50.422.501;50.942.501;49.146.961
07.11.2018;51.492.500;52.514.999;51.032.501;52.487.499;50.637.508
08.11.2018;52.494.999;52.529.999;51.687.500;52.122.501;50.460.823
09.11.2018;51.387.501;51.502.499;50.562.500;51.117.500;49.487.862
12.11.2018;49.750.000;49.962.502;48.447.498;48.542.500;46.994.957
13.11.2018;47.907.501;49.294.998;47.862.499;48.057.499;46.525.410
14.11.2018;48.474.998;48.619.999;46.482.498;46.700.001;45.211.197
15.11.2018;47.097.500;47.992.500;46.724.998;47.852.501;46.326.942
16.11.2018;47.625.000;48.742.500;47.365.002;48.382.500;46.840.054
19.11.2018;47.500.000;47.674.999;46.247.501;46.465.000;44.983.681
20.11.2018;44.592.499;45.367.500;43.877.499;44.244.999;42.834.457
21.11.2018;44.932.499;45.067.501;44.137.501;44.195.000;42.786.053
23.11.2018;43.735.001;44.150.002;43.025.002;43.072.498;41.699.333
26.11.2018;43.560.001;43.737.499;42.564.999;43.654.999;42.263.268
27.11.2018;42.877.499;43.692.501;42.720.001;43.560.001;42.171.295
28.11.2018;44.182.499;45.322.498;43.732.498;45.235.001;43.792.889
29.11.2018;45.665.001;45.700.001;44.424.999;44.887.501;43.456.474
30.11.2018;45.072.498;45.082.500;44.257.500;44.645.000;43.221.706
03.12.2018;46.115.002;46.235.001;45.302.502;46.205.002;44.731.976
04.12.2018;45.237.499;45.597.500;44.067.501;44.172.501;42.764.278
06.12.2018;42.939.999;43.695.000;42.605.000;43.680.000;42.287.476
07.12.2018;43.372.501;43.622.501;42.075.001;42.122.501;40.779.621
10.12.2018;41.250.000;42.522.499;40.832.500;42.400.002;41.048.279
11.12.2018;42.915.001;42.947.498;41.750.000;42.157.501;40.813.511
12.12.2018;42.599.998;42.980.000;42.255.001;42.275.002;40.927.265
13.12.2018;42.622.501;43.142.502;42.387.501;42.737.499;41.375.015
14.12.2018;42.250.000;42.270.000;41.320.000;41.369.999;40.051.117
17.12.2018;41.362.499;42.087.502;40.682.499;40.985.001;39.678.387
18.12.2018;41.345.001;41.882.500;41.097.500;41.517.502;40.193.909
19.12.2018;41.500.000;41.862.499;39.772.499;40.222.500;38.940.197
20.12.2018;40.099.998;40.527.500;38.825.001;39.207.500;37.957.554
21.12.2018;39.215.000;39.540.001;37.407.501;37.682.499;36.481.171
24.12.2018;37.037.498;37.887.501;36.647.499;36.707.500;35.537.262
26.12.2018;37.075.001;39.307.499;36.680.000;39.292.500;38.039.848
27.12.2018;38.959.999;39.192.501;37.517.502;39.037.498;37.792.973
28.12.2018;39.375.000;39.630.001;38.637.501;39.057.499;37.812.340
31.12.2018;39.632.500;39.840.000;39.119.999;39.435.001;38.177.799
02.01.2019;38.722.500;39.712.502;38.557.499;39.480.000;38.221.359
03.01.2019;35.994.999;36.430.000;35.500.000;35.547.501;34.414.238
04.01.2019;36.132.500;37.137.501;35.950.001;37.064.999;35.883.354
07.01.2019;37.174.999;37.207.500;36.474.998;36.982.498;35.803.490
08.01.2019;37.389.999;37.955.002;37.130.001;37.687.500;36.486.019
09.01.2019;37.822.498;38.632.500;37.407.501;38.327.499;37.105.610
10.01.2019;38.125.000;38.492.500;37.715.000;38.450.001;37.224.209
11.01.2019;38.220.001;38.424.999;37.877.499;38.072.498;36.858.746
14.01.2019;37.712.502;37.817.501;37.305.000;37.500.000;36.304.493
15.01.2019;37.567.501;38.347.500;37.512.501;38.267.502;37.047.531
16.01.2019;38.270.000;38.970.001;38.250.000;38.735.001;37.500.122
17.01.2019;38.549.999;39.415.001;38.314.999;38.965.000;37.722.782
18.01.2019;39.375.000;39.470.001;38.994.999;39.205.002;37.955.135
22.01.2019;39.102.501;39.182.499;38.154.999;38.325.001;37.103.191
23.01.2019;38.537.498;38.785.000;37.924.999;38.480.000;37.253.246
24.01.2019;38.527.500;38.619.999;37.935.001;38.174.999;36.957.973
25.01.2019;38.869.999;39.532.501;38.580.002;39.439.999;38.182.648
28.01.2019;38.947.498;39.082.500;38.415.001;39.075.001;37.829.281
29.01.2019;39.062.500;39.532.501;38.527.500;38.669.998;37.437.187
30.01.2019;40.812.500;41.537.498;40.057.499;41.312.500;39.995.445
31.01.2019;41.527.500;42.250.000;41.139.999;41.610.001;40.283.459
01.02.2019;41.740.002;42.244.999;41.482.498;41.630.001;40.302.822
04.02.2019;41.852.501;42.915.001;41.820.000;42.812.500;41.447.624
05.02.2019;43.215.000;43.770.000;43.087.502;43.544.998;42.156.773
06.02.2019;43.662.498;43.892.502;43.212.502;43.560.001;42.171.295
07.02.2019;43.099.998;43.485.001;42.584.999;42.735.001;41.372.601
08.02.2019;42.247.501;42.665.001;42.105.000;42.602.501;41.421.211
11.02.2019;42.762.501;42.802.502;42.312.500;42.357.498;41.182.999
12.02.2019;42.525.002;42.750.000;42.424.999;42.722.500;41.537.880
13.02.2019;42.847.500;43.119.999;42.480.000;42.544.998;41.365.303
14.02.2019;42.427.502;42.814.999;42.345.001;42.700.001;41.516.006
15.02.2019;42.812.500;42.924.999;42.437.500;42.605.000;41.423.641
19.02.2019;42.427.502;42.860.001;42.372.501;42.732.498;41.547.604
20.02.2019;42.797.501;43.330.002;42.747.501;43.007.500;41.814.976
21.02.2019;42.950.001;43.092.499;42.575.001;42.764.999;41.579.208
22.02.2019;42.895.000;43.250.000;42.845.001;43.242.500;42.043.465
25.02.2019;43.540.001;43.967.499;43.487.499;43.557.499;42.349.728
26.02.2019;43.427.502;43.825.001;43.292.500;43.582.500;42.374.039
27.02.2019;43.302.502;43.750.000;43.182.499;43.717.499;42.505.287
28.02.2019;43.580.002;43.727.501;43.230.000;43.287.498;42.087.219
01.03.2019;43.570.000;43.787.498;43.222.500;43.742.500;42.529.602
04.03.2019;43.922.501;44.437.500;43.492.500;43.962.502;42.743.500
05.03.2019;43.985.001;44.000.000;43.634.998;43.882.500;42.665.722
06.03.2019;43.667.500;43.872.501;43.485.001;43.630.001;42.420.219
07.03.2019;43.467.499;43.610.001;43.005.001;43.125.000;41.929.222
08.03.2019;42.580.002;43.267.502;42.375.000;43.227.501;42.028.881
11.03.2019;43.872.501;44.779.999;43.837.502;44.724.998;43.484.859
12.03.2019;45.000.000;45.667.500;44.842.499;45.227.501;43.973.423
13.03.2019;45.562.500;45.825.001;45.230.000;45.427.502;44.167.873
14.03.2019;45.974.998;46.025.002;45.639.999;45.932.499;44.658.867
15.03.2019;46.212.502;46.832.500;45.935.001;46.529.999;45.239.807
18.03.2019;46.450.001;47.097.500;46.447.498;47.005.001;45.701.637
19.03.2019;47.087.502;47.247.501;46.480.000;46.632.500;45.339.474
20.03.2019;46.557.499;47.372.501;46.182.499;47.040.001;45.735.668
21.03.2019;47.505.001;49.082.500;47.452.499;48.772.499;47.420.132
22.03.2019;48.834.999;49.422.501;47.695.000;47.762.501;46.438.129
25.03.2019;47.877.499;47.994.999;46.650.002;47.185.001;45.876.644
26.03.2019;47.915.001;48.220.001;46.145.000;46.697.498;45.402.660
27.03.2019;47.187.500;47.439.999;46.637.501;47.117.500;45.811.020
28.03.2019;47.237.499;47.389.999;46.882.500;47.180.000;45.871.784
29.03.2019;47.457.500;47.520.000;47.134.998;47.487.499;46.170.761
01.04.2019;47.910.000;47.919.998;47.095.001;47.810.001;46.484.322
02.04.2019;47.772.499;48.615.002;47.762.501;48.505.001;47.160.038
03.04.2019;48.312.500;49.125.000;48.287.498;48.837.502;47.483.330
04.04.2019;48.697.498;49.092.499;48.285.000;48.922.501;47.565.968
05.04.2019;49.112.499;49.275.002;48.982.498;49.250.000;47.884.380
08.04.2019;49.105.000;50.057.499;49.084.999;50.025.002;48.637.897
09.04.2019;50.080.002;50.712.502;49.807.499;49.875.000;48.492.054
10.04.2019;49.669.998;50.185.001;49.544.998;50.154.999;48.764.294
11.04.2019;50.212.502;50.250.000;49.610.001;49.737.499;48.358.368
12.04.2019;49.799.999;50.035.000;49.052.502;49.717.499;48.338.928
15.04.2019;49.645.000;49.962.502;49.502.499;49.807.499;48.426.430
16.04.2019;49.865.002;50.342.499;49.639.999;49.812.500;48.431.290
17.04.2019;49.884.998;50.845.001;49.652.500;50.782.501;49.374.397
18.04.2019;50.779.999;51.037.498;50.630.001;50.965.000;49.551.826
22.04.2019;50.707.500;51.235.001;50.584.999;51.132.500;49.714.691
23.04.2019;51.107.498;51.937.500;50.974.998;51.869.999;50.431.736
24.04.2019;51.840.000;52.119.999;51.762.501;51.790.001;50.353.958
25.04.2019;51.707.500;51.939.999;51.279.999;51.320.000;49.896.996
26.04.2019;51.224.998;51.250.000;50.529.999;51.075.001;49.658.783
29.04.2019;51.099.998;51.492.500;50.965.000;51.152.500;49.734.131
30.04.2019;50.764.999;50.849.998;49.777.500;50.167.500;48.776.440
01.05.2019;52.470.001;53.827.499;52.307.499;52.630.001;51.170.666
02.05.2019;52.459.999;53.162.498;52.032.501;52.287.498;50.837.650
03.05.2019;52.722.500;52.959.999;52.557.499;52.937.500;51.469.639
06.05.2019;51.072.498;52.209.999;50.875.000;52.119.999;50.674.805
07.05.2019;51.470.001;51.855.000;50.207.500;50.715.000;49.308.765
08.05.2019;50.474.998;51.334.999;50.437.500;50.724.998;49.318.489
09.05.2019;50.099.998;50.419.998;49.165.001;50.180.000;48.788.597
10.05.2019;49.355.000;49.712.502;48.192.501;49.294.998;48.112.709
13.05.2019;46.927.502;47.369.999;45.712.502;46.430.000;45.316.425
14.05.2019;46.602.501;47.424.999;46.352.501;47.165.001;46.033.798
15.05.2019;46.567.501;47.937.500;46.505.001;47.730.000;46.585.247
16.05.2019;47.477.501;48.117.500;47.209.999;47.520.000;46.380.280
17.05.2019;46.732.498;47.724.998;46.689.999;47.250.000;46.116.753
20.05.2019;45.880.001;46.087.502;45.070.000;45.772.499;44.674.694
21.05.2019;46.305.000;47.000.000;46.174.999;46.650.002;45.531.139
22.05.2019;46.165.001;46.427.502;45.637.501;45.695.000;44.599.052
23.05.2019;44.950.001;45.134.998;44.452.499;44.915.001;43.837.753
24.05.2019;45.049.999;45.535.000;44.654.999;44.742.500;43.669.399
28.05.2019;44.730.000;45.147.499;44.477.501;44.557.499;43.488.831
29.05.2019;44.105.000;44.837.502;44.000.000;44.345.001;43.281.437
30.05.2019;44.487.499;44.807.499;44.167.500;44.575.001;43.505.913
31.05.2019;44.057.499;44.497.501;43.747.501;43.767.502;42.717.781
03.06.2019;43.900.002;44.480.000;42.567.501;43.325.001;42.285.892
04.06.2019;43.860.001;44.957.500;43.630.001;44.910.000;43.832.878
05.06.2019;46.070.000;46.247.501;45.285.000;45.634.998;44.540.493
06.06.2019;45.770.000;46.367.500;45.537.498;46.305.000;45.194.420
07.06.2019;46.627.499;47.980.000;46.442.501;47.537.498;46.397.366
10.06.2019;47.952.499;48.842.499;47.904.999;48.145.000;46.990.284
11.06.2019;48.715.000;49.000.000;48.400.002;48.702.499;47.534.424
12.06.2019;48.487.499;48.992.500;48.347.500;48.547.501;47.383.133
13.06.2019;48.674.999;49.197.498;48.400.002;48.537.498;47.373.379
14.06.2019;47.887.501;48.397.499;47.575.001;48.185.001;47.029.339
17.06.2019;48.224.998;48.740.002;48.042.500;48.472.500;47.309.937
18.06.2019;49.012.501;50.072.498;48.802.502;49.612.499;48.422.592
19.06.2019;49.919.998;49.970.001;49.327.499;49.467.499;48.281.071
20.06.2019;50.092.499;50.152.500;49.507.500;49.865.002;48.669.037
21.06.2019;49.700.001;50.212.502;49.537.498;49.695.000;48.503.117
24.06.2019;49.634.998;50.040.001;49.542.500;49.645.000;48.454.311
25.06.2019;49.607.498;49.814.999;48.822.498;48.892.502;47.719.864
26.06.2019;49.442.501;50.247.501;49.337.502;49.950.001;48.752.007
27.06.2019;50.072.498;50.392.502;49.892.502;49.935.001;48.737.354
28.06.2019;49.669.998;49.875.000;49.262.501;49.480.000;48.293.270
01.07.2019;50.792.500;51.122.501;50.162.498;50.387.501;49.179.005
02.07.2019;50.352.501;50.782.501;50.340.000;50.682.499;49.466.934
03.07.2019;50.820.000;51.110.001;50.672.501;51.102.501;49.876.858
05.07.2019;50.837.502;51.270.000;50.724.998;51.057.499;49.832.935
08.07.2019;50.202.499;50.349.998;49.602.501;50.005.001;48.805.679
09.07.2019;49.799.999;50.377.499;49.702.499;50.310.001;49.103.367
10.07.2019;50.462.502;50.932.499;50.389.999;50.807.499;49.588.932
11.07.2019;50.827.499;51.097.500;50.427.502;50.437.500;49.227.806
12.07.2019;50.612.499;51.000.000;50.549.999;50.825.001;49.606.014
15.07.2019;51.022.499;51.467.499;51.000.000;51.302.502;50.072.060
16.07.2019;51.147.499;51.527.500;50.875.000;51.125.000;49.898.827
17.07.2019;51.012.501;51.272.499;50.817.501;50.837.502;49.618.210
18.07.2019;51.000.000;51.470.001;50.924.999;51.415.001;50.181.866
19.07.2019;51.447.498;51.625.000;50.590.000;50.647.499;49.432.770
22.07.2019;50.912.498;51.807.499;50.902.500;51.805.000;50.562.519
23.07.2019;52.115.002;52.227.501;51.822.498;52.209.999;50.957.802
24.07.2019;51.917.500;52.287.498;51.792.500;52.167.500;50.916.313
25.07.2019;52.222.500;52.310.001;51.682.499;51.755.001;50.513.710
26.07.2019;51.869.999;52.432.499;51.785.000;51.935.001;50.689.392
29.07.2019;52.115.002;52.660.000;52.110.001;52.419.998;51.162.762
30.07.2019;52.189.999;52.540.001;51.827.499;52.195.000;50.943.157
31.07.2019;54.105.000;55.342.499;52.825.001;53.259.998;51.982.601
01.08.2019;53.474.998;54.507.500;51.685.001;52.107.498;50.857.758
02.08.2019;51.382.500;51.607.498;50.407.501;51.005.001;49.781.693
05.08.2019;49.497.501;49.662.498;48.145.000;48.334.999;47.175.735
06.08.2019;49.077.499;49.517.502;48.509.998;49.250.000;48.068.787
07.08.2019;48.852.501;49.889.999;48.455.002;49.759.998;48.566.559
08.08.2019;50.049.999;50.882.500;49.847.500;50.857.498;49.637.741
09.08.2019;50.325.001;50.689.999;49.822.498;50.247.501;49.228.703
12.08.2019;49.904.999;50.512.501;49.787.498;50.119.999;49.103.783
13.08.2019;50.255.001;53.035.000;50.119.999;52.242.500;51.183.254
14.08.2019;50.790.001;51.610.001;50.647.499;50.687.500;49.659.779
15.08.2019;50.865.002;51.285.000;49.917.500;50.435.001;49.412.399
16.08.2019;51.070.000;51.790.001;50.959.999;51.625.000;50.578.266
19.08.2019;52.654.999;53.182.499;52.507.500;52.587.502;51.521.263
20.08.2019;52.720.001;53.337.502;52.580.002;52.590.000;51.523.708
21.08.2019;53.247.501;53.412.498;52.900.002;53.160.000;52.082.142
22.08.2019;53.297.501;53.610.001;52.687.500;53.115.002;52.038.063
23.08.2019;52.357.498;53.012.501;50.250.000;50.660.000;49.632.832
26.08.2019;51.465.000;51.797.501;51.264.999;51.622.501;50.575.817
27.08.2019;51.965.000;52.137.501;50.882.500;51.040.001;50.005.131
28.08.2019;51.025.002;51.430.000;50.830.002;51.382.500;50.340.691
29.08.2019;52.125.000;52.330.002;51.665.001;52.252.499;51.193.047
30.08.2019;52.540.001;52.612.499;51.799.999;52.185.001;51.126.919
03.09.2019;51.607.498;51.744.999;51.055.000;51.424.999;50.382.320
04.09.2019;52.097.500;52.369.999;51.830.002;52.297.501;51.237.137
05.09.2019;53.000.000;53.492.500;52.877.499;53.320.000;52.238.899
06.09.2019;53.512.501;53.605.000;53.127.499;53.314.999;52.233.997
09.09.2019;53.709.999;54.110.001;52.767.502;53.542.500;52.456.894
10.09.2019;53.465.000;54.195.000;52.927.502;54.174.999;53.076.561
11.09.2019;54.517.502;55.927.502;54.432.499;55.897.499;54.764.141
12.09.2019;56.200.001;56.605.000;55.715.000;55.772.499;54.641.678
13.09.2019;55.000.000;55.197.498;54.255.001;54.687.500;53.578.674
16.09.2019;54.432.499;55.032.501;54.389.999;54.974.998;53.860.344
17.09.2019;54.990.002;55.205.002;54.779.999;55.174.999;54.056.290
18.09.2019;55.264.999;55.712.502;54.860.001;55.692.501;54.563.305
19.09.2019;55.502.499;55.939.999;55.092.499;55.240.002;54.119.980
20.09.2019;55.345.001;55.639.999;54.367.500;54.432.499;53.328.846
23.09.2019;54.737.499;54.959.999;54.412.498;54.680.000;53.571.331
24.09.2019;55.257.500;55.622.501;54.297.501;54.419.998;53.316.597
25.09.2019;54.637.501;55.375.000;54.285.000;55.257.500;54.137.115
26.09.2019;55.000.000;55.235.001;54.707.500;54.972.500;53.857.895
27.09.2019;55.134.998;55.240.002;54.320.000;54.705.002;53.595.825
30.09.2019;55.224.998;56.145.000;55.197.498;55.992.500;54.857.212
01.10.2019;56.267.502;57.055.000;56.049.999;56.147.499;55.009.075
02.10.2019;55.764.999;55.895.000;54.482.498;54.740.002;53.630.112
03.10.2019;54.607.498;55.240.002;53.782.501;55.205.002;54.085.682
04.10.2019;56.410.000;56.872.501;55.972.500;56.752.499;55.601.810
07.10.2019;56.567.501;57.482.498;56.459.999;56.764.999;55.614.056
08.10.2019;56.455.002;57.014.999;56.082.500;56.099.998;54.962.536
09.10.2019;56.757.500;56.947.498;56.410.000;56.757.500;55.606.709
10.10.2019;56.982.498;57.610.001;56.825.001;57.522.499;56.356.190
11.10.2019;58.237.499;59.410.000;58.077.499;59.052.502;57.855.171
14.10.2019;58.724.998;59.532.501;58.667.500;58.967.499;57.771.896
15.10.2019;59.097.500;59.412.498;58.720.001;58.830.002;57.637.188
16.10.2019;58.342.499;58.810.001;58.299.999;58.592.499;57.404.495
17.10.2019;58.772.499;59.037.498;58.380.001;58.820.000;57.627.392
18.10.2019;58.647.499;59.395.000;58.572.498;59.102.501;57.904.160
21.10.2019;59.380.001;60.247.501;59.330.002;60.127.499;58.908.371
22.10.2019;60.290.001;60.549.999;59.904.999;59.990.002;58.773.666
23.10.2019;60.525.002;60.810.001;60.305.000;60.794.998;59.562.336
24.10.2019;61.127.499;61.200.001;60.452.499;60.895.000;59.660.309
25.10.2019;60.790.001;61.682.499;60.720.001;61.645.000;60.395.111
28.10.2019;61.855.000;62.312.500;61.680.000;62.262.501;61.000.092
29.10.2019;62.242.500;62.437.500;60.642.502;60.822.498;59.589.279
30.10.2019;61.189.999;61.325.001;60.302.502;60.814.999;59.581.932
31.10.2019;61.810.001;62.292.500;59.314.999;62.189.999;60.929.054
01.11.2019;62.384.998;63.982.498;62.290.001;63.955.002;62.658.276
04.11.2019;64.332.497;64.462.502;63.845.001;64.375.000;63.069.748
05.11.2019;64.262.497;64.547.501;64.080.002;64.282.501;62.979.137
06.11.2019;64.192.497;64.372.498;63.842.499;64.309.998;63.006.073
07.11.2019;64.684.998;65.087.502;64.527.496;64.857.498;63.733.250
08.11.2019;64.672.501;65.110.001;64.212.502;65.035.004;63.907.684
11.11.2019;64.574.997;65.617.500;64.570.000;65.550.003;64.413.742
12.11.2019;65.387.497;65.697.502;65.230.003;65.489.998;64.354.774
13.11.2019;65.282.501;66.195.000;65.267.502;66.117.500;64.971.405
14.11.2019;65.937.500;66.220.001;65.525.002;65.660.004;64.521.851
15.11.2019;65.919.998;66.445.000;65.752.502;66.440.002;65.288.315
18.11.2019;66.449.997;66.857.498;66.057.503;66.775.002;65.617.508
19.11.2019;66.974.998;67.000.000;66.347.504;66.572.502;65.418.526
20.11.2019;66.385.002;66.519.997;65.099.998;65.797.501;64.656.944
21.11.2019;65.922.501;66.002.502;65.294.998;65.502.502;64.367.058
22.11.2019;65.647.499;65.794.998;65.209.999;65.445.000;64.310.562
25.11.2019;65.677.498;66.610.001;65.629.997;66.592.499;65.438.171
26.11.2019;66.735.001;66.790.001;65.625.000;66.072.502;64.927.185
27.11.2019;66.394.997;66.995.003;66.327.499;66.959.999;65.799.294
29.11.2019;66.650.002;67.000.000;66.474.998;66.812.500;65.654.358
02.12.2019;66.817.497;67.062.500;65.862.503;66.040.001;64.895.264
03.12.2019;64.577.499;64.882.500;64.072.502;64.862.503;63.738.155
04.12.2019;65.267.502;65.827.499;65.169.998;65.434.998;64.300.735
05.12.2019;65.947.502;66.472.504;65.682.503;66.394.997;65.244.087
06.12.2019;66.870.003;67.750.000;66.824.997;67.677.498;66.504.364
09.12.2019;67.500.000;67.699.997;66.227.501;66.730.003;65.573.280
10.12.2019;67.150.002;67.517.502;66.464.996;67.120.003;65.956.520
11.12.2019;67.202.499;67.775.002;67.125.000;67.692.497;66.519.112
12.12.2019;66.945.000;68.139.999;66.830.002;67.864.998;66.688.599
13.12.2019;67.864.998;68.824.997;67.732.498;68.787.498;67.595.116
16.12.2019;69.250.000;70.197.502;69.245.003;69.964.996;68.752.213
17.12.2019;69.892.502;70.442.497;69.699.997;70.102.501;68.887.321
18.12.2019;69.949.997;70.474.998;69.779.999;69.934.998;68.722.725
19.12.2019;69.875.000;70.294.998;69.737.503;70.004.997;68.791.504
20.12.2019;70.557.503;70.662.498;69.639.999;69.860.001;68.649.048
23.12.2019;70.132.500;71.062.500;70.092.499;71.000.000;69.769.264
24.12.2019;71.172.501;71.222.504;70.730.003;71.067.497;69.835.594
26.12.2019;71.205.002;72.495.003;71.175.003;72.477.501;71.221.161
27.12.2019;72.779.999;73.492.500;72.029.999;72.449.997;71.194.130
30.12.2019;72.364.998;73.172.501;71.305.000;72.879.997;71.616.669
31.12.2019;72.482.498;73.419.998;72.379.997;73.412.498;72.139.946
02.01.2020;74.059.998;75.150.002;73.797.501;75.087.502;73.785.919
03.01.2020;74.287.498;75.144.997;74.125.000;74.357.498;73.068.565
06.01.2020;73.447.502;74.989.998;73.187.500;74.949.997;73.650.803
07.01.2020;74.959.999;75.224.998;74.370.003;74.597.504;73.304.420
08.01.2020;74.290.001;76.110.001;74.290.001;75.797.501;74.483.604
09.01.2020;76.809.998;77.607.498;76.550.003;77.407.501;76.065.704
10.01.2020;77.650.002;78.167.503;77.062.500;77.582.497;76.237.656
13.01.2020;77.910.004;79.267.502;77.787.498;79.239.998;77.866.440
14.01.2020;79.175.003;79.392.502;78.042.503;78.169.998;76.814.980
15.01.2020;77.962.502;78.875.000;77.387.497;77.834.999;76.485.786
16.01.2020;78.397.499;78.925.003;78.022.499;78.809.998;77.443.878
17.01.2020;79.067.497;79.684.998;78.750.000;79.682.503;78.301.254
21.01.2020;79.297.501;79.754.997;79.000.000;79.142.502;77.770.630
22.01.2020;79.644.997;79.997.498;79.327.499;79.425.003;78.048.233
23.01.2020;79.480.003;79.889.999;78.912.498;79.807.503;78.424.110
24.01.2020;80.062.500;80.832.497;79.379.997;79.577.499;78.198.074
27.01.2020;77.514.999;77.942.497;76.220.001;77.237.503;75.898.636
28.01.2020;78.150.002;79.599.998;78.047.501;79.422.501;78.045.769
29.01.2020;81.112.503;81.962.502;80.345.001;81.084.999;79.679.459
30.01.2020;80.135.002;81.022.499;79.687.500;80.967.499;79.563.995
31.01.2020;80.232.498;80.669.998;77.072.502;77.377.502;76.036.224
03.02.2020;76.074.997;78.372.498;75.555.000;77.165.001;75.827.400
04.02.2020;78.827.499;79.910.004;78.407.501;79.712.502;78.330.742
05.02.2020;80.879.997;81.190.002;79.737.503;80.362.503;78.969.482
06.02.2020;80.642.502;81.305.000;80.065.002;81.302.498;79.893.181
07.02.2020;80.592.499;80.849.998;79.500.000;80.007.500;78.807.220
10.02.2020;78.544.998;80.387.497;78.462.502;80.387.497;79.181.519
11.02.2020;80.900.002;80.974.998;79.677.498;79.902.496;78.703.789
12.02.2020;80.367.500;81.805.000;80.367.500;81.800.003;80.572.830
13.02.2020;81.047.501;81.555.000;80.837.502;81.217.499;79.999.084
14.02.2020;81.184.998;81.495.003;80.712.502;81.237.503;80.018.768
18.02.2020;78.839.996;79.937.500;78.652.496;79.750.000;78.553.596
19.02.2020;80.000.000;81.142.502;80.000.000;80.904.999;79.691.254
20.02.2020;80.657.501;81.162.498;79.552.498;80.074.997;78.873.711
21.02.2020;79.654.999;80.112.503;77.625.000;78.262.497;77.088.402
24.02.2020;74.315.002;76.044.998;72.307.503;74.544.998;73.426.666
25.02.2020;75.237.503;75.632.500;71.532.501;72.019.997;70.939.545
26.02.2020;71.632.500;74.470.001;71.625.000;73.162.498;72.064.903
27.02.2020;70.275.002;71.500.000;68.239.998;68.379.997;67.354.149
28.02.2020;64.315.002;69.602.501;64.092.499;68.339.996;67.314.751
02.03.2020;70.570.000;75.360.001;69.430.000;74.702.499;73.581.795
03.03.2020;75.917.503;76.000.000;71.449.997;72.330.002;71.244.896
04.03.2020;74.110.001;75.849.998;73.282.501;75.684.998;74.549.568
05.03.2020;73.879.997;74.887.497;72.852.501;73.230.003;72.131.409
06.03.2020;70.500.000;72.705.002;70.307.503;72.257.500;71.173.470
09.03.2020;65.937.500;69.522.499;65.750.000;66.542.503;65.544.235
10.03.2020;69.285.004;71.610.001;67.342.499;71.334.999;70.264.832
11.03.2020;69.347.504;70.305.000;67.964.996;68.857.498;67.824.501
12.03.2020;63.985.001;67.500.000;62.000.000;62.057.499;61.126.507
13.03.2020;66.222.504;69.980.003;63.237.499;69.492.500;68.449.966
16.03.2020;60.487.499;64.769.997;60.000.000;60.552.502;59.644.085
17.03.2020;61.877.499;64.402.496;59.599.998;63.215.000;62.266.644
18.03.2020;59.942.501;62.500.000;59.279.999;61.667.500;60.742.359
19.03.2020;61.847.500;63.209.999;60.652.500;61.195.000;60.276.943
20.03.2020;61.794.998;62.957.500;57.000.000;57.310.001;56.450.230
23.03.2020;57.020.000;57.125.000;53.152.500;56.092.499;55.250.988
24.03.2020;59.090.000;61.922.501;58.575.001;61.720.001;60.794.075
25.03.2020;62.687.500;64.562.500;61.075.001;61.380.001;60.459.167
26.03.2020;61.630.001;64.669.998;61.590.000;64.610.001;63.640.713
27.03.2020;63.187.500;63.967.499;61.762.501;61.935.001;61.005.844
30.03.2020;62.685.001;63.880.001;62.349.998;63.702.499;62.746.819
31.03.2020;63.900.002;65.622.498;63.000.000;63.572.498;62.618.778
01.04.2020;61.625.000;62.180.000;59.782.501;60.227.501;59.323.959
02.04.2020;60.084.999;61.287.498;59.224.998;61.232.498;60.313.881
03.04.2020;60.700.001;61.424.999;59.742.500;60.352.501;59.447.090
06.04.2020;62.724.998;65.777.496;62.345.001;65.617.500;64.633.102
07.04.2020;67.699.997;67.925.003;64.750.000;64.857.498;63.884.502
08.04.2020;65.684.998;66.842.499;65.307.503;66.517.502;65.519.600
09.04.2020;67.175.003;67.517.502;66.175.003;66.997.498;65.992.401
13.04.2020;67.077.499;68.425.003;66.457.497;68.312.500;67.287.666
14.04.2020;70.000.000;72.062.500;69.512.497;71.762.497;70.685.905
15.04.2020;70.599.998;71.582.497;70.157.501;71.107.498;70.040.741
16.04.2020;71.845.001;72.050.003;70.587.502;71.672.501;70.597.267
17.04.2020;71.172.501;71.737.503;69.214.996;70.699.997;69.639.359
20.04.2020;69.487.503;70.419.998;69.212.502;69.232.498;68.193.863
21.04.2020;69.070.000;69.312.500;66.357.498;67.092.499;66.085.960
22.04.2020;68.402.496;69.474.998;68.050.003;69.025.002;67.989.487
23.04.2020;68.967.499;70.437.500;68.717.499;68.757.500;67.725.998
24.04.2020;69.300.003;70.752.502;69.250.000;70.742.500;69.681.221
27.04.2020;70.449.997;71.135.002;69.987.503;70.792.503;69.730.461
28.04.2020;71.269.997;71.457.497;69.550.003;69.644.997;68.600.174
29.04.2020;71.182.503;72.417.503;70.972.504;71.932.503;70.853.355
30.04.2020;72.489.998;73.632.500;72.087.502;73.449.997;72.348.083
01.05.2020;71.562.500;74.750.000;71.462.502;72.267.502;71.183.327
04.05.2020;72.292.503;73.422.501;71.580.002;73.290.001;72.190.506
05.05.2020;73.764.999;75.250.000;73.614.998;74.389.999;73.273.994
06.05.2020;75.114.998;75.809.998;74.717.499;75.157.501;74.029.968
07.05.2020;75.805.000;76.292.503;75.492.500;75.934.998;74.795.822
08.05.2020;76.410.004;77.587.502;76.072.502;77.532.501;76.576.088
11.05.2020;77.025.002;79.262.497;76.809.998;78.752.502;77.781.021
12.05.2020;79.457.497;79.922.501;77.727.501;77.852.501;76.892.120
13.05.2020;78.037.498;78.987.503;75.802.498;76.912.498;75.963.730
14.05.2020;76.127.502;77.447.502;75.382.500;77.385.002;76.430.397
15.05.2020;75.087.502;76.974.998;75.052.498;76.927.498;75.978.539
18.05.2020;78.292.503;79.125.000;77.580.002;78.739.998;77.768.677
19.05.2020;78.757.500;79.629.997;78.252.502;78.285.004;77.319.298
20.05.2020;79.169.998;79.879.997;79.129.997;79.807.503;78.823.029
21.05.2020;79.665.001;80.222.504;78.967.499;79.212.502;78.235.344
22.05.2020;78.942.497;79.807.503;78.837.502;79.722.504;78.739.067
26.05.2020;80.875.000;81.059.998;79.125.000;79.182.503;78.205.719
27.05.2020;79.035.004;79.677.498;78.272.499;79.527.496;78.546.463
28.05.2020;79.192.497;80.860.001;78.907.501;79.562.500;78.581.032
29.05.2020;79.812.500;80.287.498;79.117.500;79.485.001;78.504.494
01.06.2020;79.437.500;80.587.502;79.302.498;80.462.502;79.469.940
02.06.2020;80.187.500;80.860.001;79.732.498;80.834.999;79.837.845
03.06.2020;81.165.001;81.550.003;80.574.997;81.279.999;80.277.359
04.06.2020;81.097.504;81.404.999;80.195.000;80.580.002;79.585.999
05.06.2020;80.837.502;82.937.500;80.807.503;82.875.000;81.852.676
08.06.2020;82.562.500;83.400.002;81.830.002;83.364.998;82.336.624
09.06.2020;83.035.004;86.402.496;83.002.502;85.997.498;84.936.661
10.06.2020;86.974.998;88.692.497;86.522.499;88.209.999;87.121.857
11.06.2020;87.327.499;87.764.999;83.870.003;83.974.998;82.939.110
12.06.2020;86.180.000;86.949.997;83.555.000;84.699.997;83.655.159
15.06.2020;83.312.500;86.419.998;83.144.997;85.747.498;84.689.735
16.06.2020;87.864.998;88.300.003;86.180.000;88.019.997;86.934.212
17.06.2020;88.787.498;88.849.998;87.772.499;87.897.499;86.813.225
18.06.2020;87.852.501;88.362.503;87.305.000;87.932.503;86.847.801
19.06.2020;88.660.004;89.139.999;86.287.498;87.430.000;86.351.486
22.06.2020;87.834.999;89.864.998;87.787.498;89.717.499;88.610.771
23.06.2020;91.000.000;93.095.001;90.567.497;91.632.500;90.502.144
24.06.2020;91.250.000;92.197.502;89.629.997;90.014.999;88.904.587
25.06.2020;90.175.003;91.250.000;89.392.502;91.209.999;90.084.854
26.06.2020;91.102.501;91.330.002;88.254.997;88.407.501;87.316.933
29.06.2020;88.312.500;90.542.503;87.820.000;90.445.000;89.329.300
30.06.2020;90.019.997;91.495.003;90.000.000;91.199.997;90.074.982
01.07.2020;91.279.999;91.839.996;90.977.501;91.027.496;89.904.617
02.07.2020;91.962.502;92.617.500;90.910.004;91.027.496;89.904.617
06.07.2020;92.500.000;93.945.000;92.467.499;93.462.502;92.309.570
07.07.2020;93.852.501;94.654.999;93.057.503;93.172.501;92.023.148
08.07.2020;94.180.000;95.375.000;94.089.996;95.342.499;94.166.382
09.07.2020;96.262.497;96.317.497;94.672.501;95.752.502;94.571.327
10.07.2020;95.334.999;95.980.003;94.705.002;95.919.998;94.736.755
13.07.2020;97.264.999;99.955.002;95.257.500;95.477.501;94.299.721
14.07.2020;94.839.996;97.254.997;93.877.502;97.057.503;95.860.237
15.07.2020;98.989.998;99.247.498;96.489.998;97.724.998;96.519.493
16.07.2020;96.562.500;97.404.999;95.904.999;96.522.499;95.331.833
17.07.2020;96.987.503;97.147.499;95.839.996;96.327.499;95.139.236
20.07.2020;96.417.503;98.500.000;96.062.500;98.357.498;97.144.196
21.07.2020;99.172.501;99.250.000;96.742.500;97.000.000;95.803.436
22.07.2020;96.692.497;97.974.998;96.602.501;97.272.499;96.072.571
23.07.2020;96.997.498;97.077.499;92.010.002;92.845.001;91.699.692
24.07.2020;90.987.503;92.970.001;89.144.997;92.614.998;91.472.527
27.07.2020;93.709.999;94.904.999;93.480.003;94.809.998;93.640.457
28.07.2020;94.367.500;94.550.003;93.247.498;93.252.502;92.102.173
29.07.2020;93.750.000;95.230.003;93.712.502;95.040.001;93.867.615
30.07.2020;94.187.500;96.297.501;93.767.502;96.190.002;95.003.433
31.07.2020;102.885.002;106.415.001;100.824.997;106.260.002;104.949.211
03.08.2020;108.199.997;111.637.497;107.892.502;108.937.500;107.593.674
04.08.2020;109.132.500;110.790.001;108.387.497;109.665.001;108.312.218
05.08.2020;109.377.502;110.392.502;108.897.499;110.062.500;108.704.796
06.08.2020;110.404.999;114.412.498;109.797.501;113.902.496;112.497.421
07.08.2020;113.205.002;113.675.003;110.292.503;111.112.503;109.939.705
10.08.2020;112.599.998;113.775.002;110.000.000;112.727.501;111.537.666
11.08.2020;111.970.001;112.482.498;109.107.498;109.375.000;108.220.558
12.08.2020;110.497.498;113.275.002;110.297.501;113.010.002;111.817.192
13.08.2020;114.430.000;116.042.503;113.927.498;115.010.002;113.796.074
14.08.2020;114.830.002;115.000.000;113.044.998;114.907.501;113.694.664
17.08.2020;116.062.500;116.087.502;113.962.502;114.607.498;113.397.812
18.08.2020;114.352.501;116.000.000;114.007.500;115.562.500;114.342.743
19.08.2020;115.982.498;117.162.498;115.610.001;115.707.497;114.486.221
20.08.2020;115.750.000;118.392.502;115.732.498;118.275.002;117.026.619
21.08.2020;119.262.497;124.867.500;119.250.000;124.370.003;123.057.274
24.08.2020;128.697.495;128.785.004;123.937.500;125.857.498;124.529.083
25.08.2020;124.697.502;125.180.000;123.052.498;124.824.997;123.507.484
26.08.2020;126.180.000;126.992.500;125.082.497;126.522.499;125.187.065
27.08.2020;127.142.502;127.485.001;123.832.497;125.010.002;123.690.521
28.08.2020;126.012.497;126.442.497;124.577.499;124.807.503;123.490.173
31.08.2020;127.580.002;131.000.000;126.000.000;129.039.993;127.677.971
01.09.2020;132.759.995;134.800.003;130.529.999;134.179.993;132.763.748
02.09.2020;137.589.996;137.979.996;127.000.000;131.399.994;130.013.077
03.09.2020;126.910.004;128.839.996;120.500.000;120.879.997;119.604.111
04.09.2020;120.070.000;123.699.997;110.889.999;120.959.999;119.683.273
08.09.2020;113.949.997;118.989.998;112.680.000;112.820.000;111.629.196
09.09.2020;117.260.002;119.139.999;115.260.002;117.320.000;116.081.688
10.09.2020;120.360.001;120.500.000;112.500.000;113.489.998;112.292.122
11.09.2020;114.570.000;115.230.003;110.000.000;112.000.000;110.817.841
14.09.2020;114.720.001;115.930.000;112.800.003;115.360.001;114.142.365
15.09.2020;118.330.002;118.830.002;113.610.001;115.540.001;114.320.480
16.09.2020;115.230.003;116.000.000;112.040.001;112.129.997;110.946.472
17.09.2020;109.720.001;112.199.997;108.709.999;110.339.996;109.175.362
18.09.2020;110.400.002;110.879.997;106.089.996;106.839.996;105.712.303
21.09.2020;104.540.001;110.190.002;103.099.998;110.080.002;108.918.106
22.09.2020;112.680.000;112.860.001;109.160.004;111.809.998;110.629.852
23.09.2020;111.620.003;112.110.001;106.769.997;107.120.003;105.989.357
24.09.2020;105.169.998;110.250.000;105.000.000;108.220.001;107.077.744
25.09.2020;108.430.000;112.440.002;107.669.998;112.279.999;111.094.902
28.09.2020;115.010.002;115.320.000;112.779.999;114.959.999;113.746.613
29.09.2020;114.550.003;115.309.998;113.570.000;114.089.996;112.885.788
30.09.2020;113.790.001;117.260.002;113.620.003;115.809.998;114.587.639
01.10.2020;117.639.999;117.720.001;115.830.002;116.790.001;115.557.289
02.10.2020;112.889.999;115.370.003;112.220.001;113.019.997;111.827.087
05.10.2020;113.910.004;116.650.002;113.550.003;116.500.000;115.270.355
06.10.2020;115.699.997;116.120.003;112.250.000;113.160.004;111.965.607
07.10.2020;114.620.003;115.550.003;114.129.997;115.080.002;113.865.341
08.10.2020;116.250.000;116.400.002;114.589.996;114.970.001;113.756.500
09.10.2020;115.279.999;117.000.000;114.919.998;116.970.001;115.735.374
12.10.2020;120.059.998;125.180.000;119.279.999;124.400.002;123.086.967
13.10.2020;125.269.997;125.389.999;119.650.002;121.099.998;119.821.800
14.10.2020;121.000.000;123.029.999;119.620.003;121.190.002;119.910.858
15.10.2020;118.720.001;121.199.997;118.150.002;120.709.999;119.435.905
16.10.2020;121.279.999;121.550.003;118.809.998;119.019.997;117.763.741
19.10.2020;119.959.999;120.419.998;115.660.004;115.980.003;114.755.829
20.10.2020;116.199.997;118.980.003;115.629.997;117.510.002;116.269.684
21.10.2020;116.669.998;118.709.999;116.449.997;116.870.003;115.636.444
22.10.2020;117.449.997;118.040.001;114.589.996;115.750.000;114.528.244
23.10.2020;116.389.999;116.550.003;114.279.999;115.040.001;113.825.752
26.10.2020;114.010.002;116.550.003;112.879.997;115.050.003;113.835.663
27.10.2020;115.489.998;117.279.999;114.540.001;116.599.998;115.369.278
28.10.2020;115.050.003;115.430.000;111.099.998;111.199.997;110.026.283
29.10.2020;112.370.003;116.930.000;112.199.997;115.320.000;114.102.798
30.10.2020;111.059.998;111.989.998;107.720.001;108.860.001;107.710.991
02.11.2020;109.110.001;110.680.000;107.320.000;108.769.997;107.621.933
03.11.2020;109.660.004;111.489.998;108.730.003;110.440.002;109.274.323
04.11.2020;114.139.999;115.589.996;112.349.998;114.949.997;113.736.710
05.11.2020;117.949.997;119.620.003;116.870.003;119.029.999;117.773.651
06.11.2020;118.320.000;119.199.997;116.129.997;118.690.002;117.639.847
09.11.2020;120.500.000;121.989.998;116.050.003;116.320.000;115.290.810
10.11.2020;115.550.003;117.589.996;114.129.997;115.970.001;114.943.909
11.11.2020;117.190.002;119.629.997;116.440.002;119.489.998;118.432.755
12.11.2020;119.620.003;120.529.999;118.570.000;119.209.999;118.155.243
13.11.2020;119.440.002;119.669.998;117.870.003;119.260.002;118.204.796
16.11.2020;118.919.998;120.989.998;118.150.002;120.300.003;119.235.596
17.11.2020;119.550.003;120.669.998;118.959.999;119.389.999;118.333.649
18.11.2020;118.610.001;119.820.000;118.000.000;118.029.999;116.985.680
19.11.2020;117.589.996;119.059.998;116.809.998;118.639.999;117.590.279
20.11.2020;118.639.999;118.769.997;117.290.001;117.339.996;116.301.781
23.11.2020;117.180.000;117.620.003;113.750.000;113.849.998;112.842.667
24.11.2020;113.910.004;115.849.998;112.589.996;115.169.998;114.150.986
25.11.2020;115.550.003;116.750.000;115.169.998;116.029.999;115.003.372
27.11.2020;116.570.000;117.489.998;116.220.001;116.589.996;115.558.411
30.11.2020;116.970.001;120.970.001;116.809.998;119.050.003;117.996.651
01.12.2020;121.010.002;123.470.001;120.010.002;122.720.001;121.634.193
02.12.2020;122.019.997;123.370.003;120.889.999;123.080.002;121.990.997
03.12.2020;123.519.997;123.779.999;122.209.999;122.940.002;121.852.242
04.12.2020;122.599.998;122.860.001;121.519.997;122.250.000;121.168.343
07.12.2020;122.309.998;124.570.000;122.250.000;123.750.000;122.655.067
08.12.2020;124.370.003;124.980.003;123.089.996;124.379.997;123.279.488
09.12.2020;124.529.999;125.949.997;121.000.000;121.779.999;120.702.492
10.12.2020;120.500.000;123.870.003;120.150.002;123.239.998;122.149.582
11.12.2020;122.430.000;122.760.002;120.550.003;122.410.004;121.326.927
14.12.2020;122.599.998;123.349.998;121.540.001;121.779.999;120.702.492
15.12.2020;124.339.996;127.900.002;124.129.997;127.879.997;126.748.528
16.12.2020;127.410.004;128.369.995;126.559.998;127.809.998;126.679.131
17.12.2020;128.899.994;129.580.002;128.039.993;128.699.997;127.561.272
18.12.2020;128.960.007;129.100.006;126.120.003;126.660.004;125.539.322
21.12.2020;125.019.997;128.309.998;123.449.997;128.229.996;127.095.428
22.12.2020;131.610.001;134.410.004;129.649.994;131.880.005;130.713.135
23.12.2020;132.160.004;132.429.993;130.779.999;130.960.007;129.801.285
24.12.2020;131.320.007;133.460.007;131.100.006;131.970.001;130.802.338
28.12.2020;133.990.005;137.339.996;133.509.995;136.690.002;135.480.591
29.12.2020;138.050.003;138.789.993;134.339.996;134.869.995;133.676.666
30.12.2020;135.580.002;135.990.005;133.399.994;133.720.001;132.536.880
31.12.2020;134.080.002;134.740.005;131.720.001;132.690.002;131.515.976
04.01.2021;133.520.004;133.610.001;126.760.002;129.410.004;128.264.984
05.01.2021;128.889.999;131.740.005;128.429.993;131.009.995;129.850.845
06.01.2021;127.720.001;131.050.003;126.379.997;126.599.998;125.479.851
07.01.2021;128.360.001;131.630.005;127.860.001;130.919.998;129.761.627
08.01.2021;132.429.993;132.630.005;130.229.996;132.050.003;130.881.622
11.01.2021;129.190.002;130.169.998;128.500.000;128.979.996;127.838.776
12.01.2021;128.500.000;129.690.002;126.860.001;128.800.003;127.660.400
13.01.2021;128.759.995;131.449.997;128.490.005;130.889.999;129.731.888
14.01.2021;130.800.003;131.000.000;128.759.995;128.910.004;127.769.417
15.01.2021;128.779.999;130.220.001;127.000.000;127.139.999;126.015.068
19.01.2021;127.779.999;128.710.007;126.940.002;127.830.002;126.698.975
20.01.2021;128.660.004;132.490.005;128.550.003;132.029.999;130.861.786
21.01.2021;133.800.003;139.669.998;133.589.996;136.869.995;135.658.981
22.01.2021;136.279.999;139.850.006;135.020.004;139.070.007;137.839.523
25.01.2021;143.070.007;145.089.996;136.539.993;142.919.998;141.655.441
26.01.2021;143.600.006;144.300.003;141.369.995;143.160.004;141.893.326
27.01.2021;143.429.993;144.300.003;140.410.004;142.059.998;140.803.055
28.01.2021;139.520.004;141.990.005;136.699.997;137.089.996;135.877.045
29.01.2021;135.830.002;136.740.005;130.210.007;131.960.007;130.792.435
01.02.2021;133.750.000;135.380.005;130.929.993;134.139.999;132.953.140
02.02.2021;135.729.996;136.309.998;134.610.001;134.990.005;133.795.609
03.02.2021;135.759.995;135.770.004;133.610.001;133.940.002;132.754.898
04.02.2021;136.300.003;137.399.994;134.589.996;137.389.999;136.174.377
05.02.2021;137.350.006;137.419.998;135.860.001;136.759.995;135.752.502
08.02.2021;136.029.999;136.960.007;134.919.998;136.910.004;135.901.413
09.02.2021;136.619.995;137.880.005;135.850.006;136.009.995;135.008.026
10.02.2021;136.479.996;136.990.005;134.399.994;135.389.999;134.392.609
11.02.2021;135.899.994;136.389.999;133.770.004;135.130.005;134.134.506
12.02.2021;134.350.006;135.529.999;133.690.002;135.369.995;134.372.742
16.02.2021;135.490.005;136.009.995;132.789.993;133.190.002;132.208.817
17.02.2021;131.250.000;132.220.001;129.470.001;130.839.996;129.876.129
18.02.2021;129.199.997;130.000.000;127.410.004;129.710.007;128.754.456
19.02.2021;130.240.005;130.710.007;128.800.003;129.869.995;128.913.239
22.02.2021;128.009.995;129.720.001;125.599.998;126.000.000;125.071.777
23.02.2021;123.760.002;126.709.999;118.389.999;125.860.001;124.932.816
24.02.2021;124.940.002;125.559.998;122.230.003;125.349.998;124.426.567
25.02.2021;124.680.000;126.459.999;120.540.001;120.989.998;120.098.686
26.02.2021;122.589.996;124.849.998;121.199.997;121.260.002;120.366.699
01.03.2021;123.750.000;127.930.000;122.790.001;127.790.001;126.848.587
02.03.2021;128.410.004;128.720.001;125.010.002;125.120.003;124.198.265
03.03.2021;124.809.998;125.709.999;121.839.996;122.059.998;121.160.805
04.03.2021;121.750.000;123.599.998;118.620.003;120.129.997;119.245.018
05.03.2021;120.980.003;121.940.002;117.570.000;121.419.998;120.525.520
08.03.2021;120.930.000;121.000.000;116.209.999;116.360.001;115.502.792
09.03.2021;119.029.999;122.059.998;118.790.001;121.089.996;120.197.952
10.03.2021;121.690.002;122.169.998;119.449.997;119.980.003;119.096.130
11.03.2021;122.540.001;123.209.999;121.260.002;121.959.999;121.061.539
12.03.2021;120.400.002;121.169.998;119.160.004;121.029.999;120.138.390
15.03.2021;121.410.004;124.000.000;120.419.998;123.989.998;123.076.584
16.03.2021;125.699.997;127.220.001;124.720.001;125.570.000;124.644.936
17.03.2021;124.050.003;125.860.001;122.339.996;124.760.002;123.840.919
18.03.2021;122.879.997;123.180.000;120.320.000;120.529.999;119.642.082
19.03.2021;119.900.002;121.430.000;119.680.000;119.989.998;119.106.049
22.03.2021;120.330.002;123.870.003;120.260.002;123.389.999;122.481.010
23.03.2021;123.330.002;124.239.998;122.139.999;122.540.001;121.637.268
24.03.2021;122.820.000;122.900.002;120.070.000;120.089.996;119.205.315
25.03.2021;119.540.001;121.660.004;119.000.000;120.589.996;119.701.630
26.03.2021;120.349.998;121.480.003;118.919.998;121.209.999;120.317.070
29.03.2021;121.650.002;122.580.002;120.730.003;121.389.999;120.495.743
30.03.2021;120.110.001;120.400.002;118.860.001;119.900.002;119.016.716
31.03.2021;121.650.002;123.519.997;121.150.002;122.150.002;121.250.137
01.04.2021;123.660.004;124.180.000;122.489.998;123.000.000;122.093.880
05.04.2021;123.870.003;126.160.004;123.070.000;125.900.002;124.972.511
06.04.2021;126.500.000;127.129.997;125.650.002;126.209.999;125.280.235
07.04.2021;125.830.002;127.919.998;125.139.999;127.900.002;126.957.787
08.04.2021;128.949.997;130.389.999;128.520.004;130.360.001;129.399.658
09.04.2021;129.800.003;133.039.993;129.470.001;133.000.000;132.020.203
12.04.2021;132.520.004;132.850.006;130.630.005;131.240.005;130.273.193
13.04.2021;132.440.002;134.660.004;131.929.993;134.429.993;133.439.682
14.04.2021;134.940.002;135.000.000;131.660.004;132.029.999;131.057.343
15.04.2021;133.820.007;135.000.000;133.639.999;134.500.000;133.509.155
16.04.2021;134.300.003;134.669.998;133.279.999;134.160.004;133.171.692
19.04.2021;133.509.995;135.470.001;133.339.996;134.839.996;133.846.664
20.04.2021;135.020.004;135.529.999;131.809.998;133.110.001;132.129.410
21.04.2021;132.360.001;133.750.000;131.300.003;133.500.000;132.516.541
22.04.2021;133.039.993;134.149.994;131.410.004;131.940.002;130.968.033
23.04.2021;132.160.004;135.119.995;132.160.004;134.320.007;133.330.475
26.04.2021;134.830.002;135.059.998;133.559.998;134.720.001;133.727.539
27.04.2021;135.009.995;135.410.004;134.110.001;134.389.999;133.399.979
28.04.2021;134.309.998;135.020.004;133.080.002;133.580.002;132.595.947
29.04.2021;136.470.001;137.070.007;132.449.997;133.479.996;132.496.674
30.04.2021;131.779.999;133.559.998;131.070.007;131.460.007;130.491.562
03.05.2021;132.039.993;134.070.007;131.830.002;132.539.993;131.563.583
04.05.2021;131.190.002;131.490.005;126.699.997;127.849.998;126.908.157
05.05.2021;129.199.997;130.449.997;127.970.001;128.100.006;127.156.319
06.05.2021;127.889.999;129.750.000;127.129.997;129.740.005;128.784.241
07.05.2021;130.850.006;131.259.995;129.479.996;130.210.007;129.470.322
10.05.2021;129.410.004;129.539.993;126.809.998;126.849.998;126.129.395
11.05.2021;123.500.000;126.269.997;122.769.997;125.910.004;125.194.733
12.05.2021;123.400.002;124.639.999;122.250.000;122.769.997;122.072.571
13.05.2021;124.580.002;126.150.002;124.260.002;124.970.001;124.260.078
14.05.2021;126.250.000;127.889.999;125.849.998;127.449.997;126.725.983
17.05.2021;126.820.000;126.930.000;125.169.998;126.269.997;125.552.681
18.05.2021;126.559.998;126.989.998;124.779.999;124.849.998;124.140.755
19.05.2021;123.160.004;124.919.998;122.860.001;124.690.002;123.981.659
20.05.2021;125.230.003;127.720.001;125.099.998;127.309.998;126.586.777
21.05.2021;127.820.000;128.000.000;125.209.999;125.430.000;124.717.461
24.05.2021;126.010.002;127.940.002;125.940.002;127.099.998;126.377.975
25.05.2021;127.820.000;128.320.007;126.320.000;126.900.002;126.179.108
26.05.2021;126.959.999;127.389.999;126.419.998;126.849.998;126.129.395
27.05.2021;126.440.002;127.639.999;125.080.002;125.279.999;124.568.314
28.05.2021;125.570.000;125.800.003;124.550.003;124.610.001;123.902.122
01.06.2021;125.080.002;125.349.998;123.940.002;124.279.999;123.573.997
02.06.2021;124.279.999;125.239.998;124.050.003;125.059.998;124.349.556
03.06.2021;124.680.000;124.849.998;123.129.997;123.540.001;122.838.196
04.06.2021;124.070.000;126.160.004;123.849.998;125.889.999;125.174.850
07.06.2021;126.169.998;126.320.000;124.830.002;125.900.002;125.184.792
08.06.2021;126.599.998;128.460.007;126.209.999;126.739.998;126.020.020
09.06.2021;127.209.999;127.750.000;126.519.997;127.129.997;126.407.799
10.06.2021;127.019.997;128.190.002;125.940.002;126.110.001;125.393.600
11.06.2021;126.529.999;127.440.002;126.099.998;127.349.998;126.626.549
14.06.2021;127.820.000;130.539.993;127.070.000;130.479.996;129.738.770
15.06.2021;129.940.002;130.600.006;129.389.999;129.639.999;128.903.534
16.06.2021;130.369.995;130.889.999;128.460.007;130.149.994;129.410.660
17.06.2021;129.800.003;132.550.003;129.649.994;131.789.993;131.041.321
18.06.2021;130.710.007;131.509.995;130.240.005;130.460.007;129.718.903
21.06.2021;130.300.003;132.410.004;129.210.007;132.300.003;131.548.431
22.06.2021;132.130.005;134.080.002;131.619.995;133.979.996;133.218.903
23.06.2021;133.770.004;134.320.007;133.229.996;133.699.997;132.940.491
24.06.2021;134.449.997;134.639.999;132.929.993;133.410.004;132.652.130
25.06.2021;133.460.007;133.889.999;132.809.998;133.110.001;132.353.836
28.06.2021;133.410.004;135.250.000;133.350.006;134.779.999;134.014.328
29.06.2021;134.800.003;136.490.005;134.350.006;136.330.002;135.555.542
30.06.2021;136.169.998;137.410.004;135.869.995;136.960.007;136.181.961
01.07.2021;136.600.006;137.330.002;135.759.995;137.270.004;136.490.204
02.07.2021;137.899.994;140.000.000;137.750.000;139.960.007;139.164.932
06.07.2021;140.070.007;143.149.994;140.070.007;142.020.004;141.213.226
07.07.2021;143.539.993;144.889.999;142.660.004;144.570.007;143.748.718
08.07.2021;141.580.002;144.059.998;140.669.998;143.240.005;142.426.285
09.07.2021;142.750.000;145.649.994;142.649.994;145.110.001;144.285.675
12.07.2021;146.210.007;146.320.007;144.000.000;144.500.000;143.679.123
13.07.2021;144.029.999;147.460.007;143.630.005;145.639.999;144.812.653
14.07.2021;148.100.006;149.570.007;147.679.993;149.149.994;148.302.704
15.07.2021;149.240.005;150.000.000;147.089.996;148.479.996;147.636.520
16.07.2021;148.460.007;149.759.995;145.880.005;146.389.999;145.558.380
19.07.2021;143.750.000;144.070.007;141.669.998;142.449.997;141.640.778
20.07.2021;143.460.007;147.100.006;142.960.007;146.149.994;145.319.748
21.07.2021;145.529.999;146.130.005;144.630.005;145.399.994;144.574.005
22.07.2021;145.940.002;148.199.997;145.809.998;146.800.003;145.966.049
23.07.2021;147.550.003;148.720.001;146.919.998;148.559.998;147.716.049
26.07.2021;148.270.004;149.830.002;147.699.997;148.990.005;148.143.616
27.07.2021;149.119.995;149.210.007;145.550.003;146.770.004;145.936.234
28.07.2021;144.809.998;146.970.001;142.539.993;144.979.996;144.156.387
29.07.2021;144.690.002;146.550.003;144.580.002;145.639.999;144.812.653
30.07.2021;144.380.005;146.330.002;144.110.001;145.860.001;145.031.387
02.08.2021;146.360.001;146.949.997;145.250.000;145.520.004;144.693.344
03.08.2021;145.809.998;148.039.993;145.179.993;147.360.001;146.522.888
04.08.2021;147.270.004;147.789.993;146.279.999;146.949.997;146.115.219
05.08.2021;146.979.996;147.839.996;146.169.998;147.059.998;146.224.594
06.08.2021;146.350.006;147.110.001;145.630.005;146.139.999;145.527.512
09.08.2021;146.199.997;146.699.997;145.520.004;146.089.996;145.477.722
10.08.2021;146.440.002;147.710.007;145.300.003;145.600.006;144.989.792
11.08.2021;146.050.003;146.720.001;145.529.999;145.860.001;145.248.688
12.08.2021;146.190.002;149.050.003;145.839.996;148.889.999;148.265.991
13.08.2021;148.970.001;149.440.002;148.270.004;149.100.006;148.475.128
16.08.2021;148.539.993;151.190.002;146.470.001;151.119.995;150.486.649
17.08.2021;150.229.996;151.679.993;149.089.996;150.190.002;149.560.562
18.08.2021;149.800.003;150.720.001;146.149.994;146.360.001;145.746.597
19.08.2021;145.029.999;148.000.000;144.500.000;146.699.997;146.085.175
20.08.2021;147.440.002;148.500.000;146.779.999;148.190.002;147.568.939
23.08.2021;148.309.998;150.190.002;147.889.999;149.710.007;149.082.581
24.08.2021;149.449.997;150.860.001;149.149.994;149.619.995;148.992.935
25.08.2021;149.809.998;150.320.007;147.800.003;148.360.001;147.738.205
26.08.2021;148.350.006;149.119.995;147.509.995;147.539.993;146.921.661
27.08.2021;147.479.996;148.750.000;146.830.002;148.600.006;147.977.219
30.08.2021;149.000.000;153.490.005;148.610.001;153.119.995;152.478.271
31.08.2021;152.660.004;152.800.003;151.289.993;151.830.002;151.193.680
01.09.2021;152.830.002;154.979.996;152.339.996;152.509.995;151.870.819
02.09.2021;153.869.995;154.720.001;152.399.994;153.649.994;153.006.027
03.09.2021;153.759.995;154.630.005;153.089.996;154.300.003;153.653.320
07.09.2021;154.970.001;157.259.995;154.389.999;156.690.002;156.033.310
08.09.2021;156.979.996;157.039.993;153.979.996;155.110.001;154.459.930
09.09.2021;155.490.005;156.110.001;153.949.997;154.070.007;153.424.301
10.09.2021;155.000.000;155.479.996;148.699.997;148.970.001;148.345.673
13.09.2021;150.630.005;151.419.998;148.750.000;149.550.003;148.923.233
14.09.2021;150.350.006;151.070.007;146.910.004;148.119.995;147.499.207
15.09.2021;148.559.998;149.440.002;146.369.995;149.029.999;148.405.411
16.09.2021;148.440.002;148.970.001;147.220.001;148.789.993;148.166.412
17.09.2021;148.820.007;148.820.007;145.759.995;146.059.998;145.447.861
20.09.2021;143.800.003;144.839.996;141.270.004;142.940.002;142.340.942
21.09.2021;143.929.993;144.600.006;142.779.999;143.429.993;142.828.873
22.09.2021;144.449.997;146.429.993;143.699.997;145.850.006;145.238.739
23.09.2021;146.649.994;147.080.002;145.639.999;146.830.002;146.214.645
24.09.2021;145.660.004;147.470.001;145.559.998;146.919.998;146.304.245
27.09.2021;145.470.001;145.960.007;143.820.007;145.369.995;144.760.742
28.09.2021;143.250.000;144.750.000;141.690.002;141.910.004;141.315.247
29.09.2021;142.470.001;144.449.997;142.029.999;142.830.002;142.231.400
30.09.2021;143.660.004;144.380.005;141.279.999;141.500.000;140.906.982
01.10.2021;141.899.994;142.919.998;139.110.001;142.649.994;142.052.139
04.10.2021;141.759.995;142.210.007;138.270.004;139.139.999;138.556.854
05.10.2021;139.490.005;142.240.005;139.360.001;141.110.001;140.518.600
06.10.2021;139.470.001;142.149.994;138.369.995;142.000.000;141.404.877
07.10.2021;143.059.998;144.220.001;142.720.001;143.289.993;142.689.468
08.10.2021;144.029.999;144.179.993;142.559.998;142.899.994;142.301.086
11.10.2021;142.270.004;144.809.998;141.809.998;142.809.998;142.211.487
12.10.2021;143.229.996;143.250.000;141.039.993;141.509.995;140.916.931
13.10.2021;141.240.005;141.399.994;139.199.997;140.910.004;140.319.443
14.10.2021;142.110.001;143.880.005;141.509.995;143.759.995;143.157.501
15.10.2021;143.770.004;144.899.994;143.509.995;144.839.996;144.232.971
18.10.2021;143.449.997;146.839.996;143.160.004;146.550.003;145.935.806
19.10.2021;147.009.995;149.169.998;146.550.003;148.759.995;148.136.536
20.10.2021;148.699.997;149.750.000;148.119.995;149.259.995;148.634.445
21.10.2021;148.809.998;149.639.999;147.869.995;149.479.996;148.853.516
22.10.2021;149.690.002;150.179.993;148.639.999;148.690.002;148.066.849
25.10.2021;148.679.993;149.369.995;147.619.995;148.639.999;148.017.044
26.10.2021;149.330.002;150.839.996;149.009.995;149.320.007;148.694.199
27.10.2021;149.360.001;149.729.996;148.490.005;148.850.006;148.226.181
28.10.2021;149.820.007;153.169.998;149.720.001;152.570.007;151.930.573
29.10.2021;147.220.001;149.940.002;146.410.004;149.800.003;149.172.195
01.11.2021;148.990.005;149.699.997;147.800.003;148.960.007;148.335.709
02.11.2021;148.660.004;151.570.007;148.649.994;150.020.004;149.391.266
03.11.2021;150.389.999;151.970.001;149.820.007;151.490.005;150.855.118
04.11.2021;151.580.002;152.429.993;150.639.999;150.960.007;150.327.332
05.11.2021;151.889.999;152.199.997;150.059.998;151.279.999;150.865.845
08.11.2021;151.410.004;151.570.007;150.160.004;150.440.002;150.028.137
09.11.2021;150.199.997;151.429.993;150.059.998;150.809.998;150.397.125
10.11.2021;150.020.004;150.130.005;147.850.006;147.919.998;147.515.045
11.11.2021;148.960.007;149.429.993;147.679.993;147.869.995;147.465.179
12.11.2021;148.429.993;150.399.994;147.479.996;149.990.005;149.579.391
15.11.2021;150.369.995;151.880.005;149.429.993;150.000.000;149.589.355
16.11.2021;149.940.002;151.490.005;149.339.996;151.000.000;150.586.609
17.11.2021;151.000.000;155.000.000;150.990.005;153.490.005;153.069.794
18.11.2021;153.710.007;158.669.998;153.050.003;157.869.995;157.437.790
19.11.2021;157.649.994;161.020.004;156.529.999;160.550.003;160.110.458
22.11.2021;161.679.993;165.699.997;161.000.000;161.020.004;160.579.178
23.11.2021;161.119.995;161.800.003;159.059.998;161.410.004;160.968.124
24.11.2021;160.750.000;162.139.999;159.639.999;161.940.002;161.496.674
26.11.2021;159.570.007;160.449.997;156.360.001;156.809.998;156.380.707
29.11.2021;159.369.995;161.190.002;158.789.993;160.240.005;159.801.315
30.11.2021;159.990.005;165.520.004;159.919.998;165.300.003;164.847.473
01.12.2021;167.479.996;170.300.003;164.529.999;164.770.004;164.318.924
02.12.2021;158.740.005;164.199.997;157.800.003;163.759.995;163.311.676
03.12.2021;164.020.004;164.960.007;159.720.001;161.839.996;161.396.927
06.12.2021;164.289.993;167.880.005;164.279.999;165.320.007;164.867.416
07.12.2021;169.080.002;171.580.002;168.339.996;171.179.993;170.711.349
08.12.2021;172.130.005;175.960.007;170.699.997;175.080.002;174.600.677
09.12.2021;174.910.004;176.750.000;173.919.998;174.559.998;174.082.108
10.12.2021;175.210.007;179.630.005;174.690.002;179.449.997;178.958.725
13.12.2021;181.119.995;182.130.005;175.529.999;175.740.005;175.258.881
14.12.2021;175.250.000;177.740.005;172.210.007;174.330.002;173.852.737
15.12.2021;175.110.001;179.500.000;172.309.998;179.300.003;178.809.143
16.12.2021;179.279.999;181.139.999;170.750.000;172.259.995;171.788.391
17.12.2021;169.929.993;173.470.001;169.690.002;171.139.999;170.671.463
20.12.2021;168.279.999;170.580.002;167.460.007;169.750.000;169.285.278
21.12.2021;171.559.998;173.199.997;169.119.995;172.990.005;172.516.403
22.12.2021;173.039.993;175.860.001;172.149.994;175.639.999;175.159.149
23.12.2021;175.850.006;176.850.006;175.270.004;176.279.999;175.797.394
27.12.2021;177.089.996;180.419.998;177.070.007;180.330.002;179.836.319
28.12.2021;180.160.004;181.330.002;178.529.999;179.289.993;178.799.164
29.12.2021;179.330.002;180.630.005;178.139.999;179.380.005;178.888.916
30.12.2021;179.470.001;180.570.007;178.089.996;178.199.997;177.712.143
31.12.2021;178.089.996;179.229.996;177.259.995;177.570.007;177.083.878
03.01.2022;177.830.002;182.880.005;177.710.007;182.009.995;181.511.703
04.01.2022;182.630.005;182.940.002;179.119.995;179.699.997;179.208.038
05.01.2022;179.610.001;180.169.998;174.639.999;174.919.998;174.441.132
06.01.2022;172.699.997;175.300.003;171.639.999;172.000.000;171.529.114
07.01.2022;172.889.999;174.139.999;171.029.999;172.169.998;171.698.654
10.01.2022;169.080.002;172.500.000;168.169.998;172.190.002;171.718.597
11.01.2022;172.320.007;175.179.993;170.820.007;175.080.002;174.600.677
12.01.2022;176.119.995;177.179.993;174.820.007;175.529.999;175.049.454
13.01.2022;175.779.999;176.619.995;171.789.993;172.190.002;171.718.597
14.01.2022;171.339.996;173.779.999;171.089.996;173.070.007;172.596.207
18.01.2022;171.509.995;172.539.993;169.410.004;169.800.003;169.335.144
19.01.2022;170.000.000;171.080.002;165.940.002;166.229.996;165.774.902
20.01.2022;166.979.996;169.679.993;164.179.993;164.509.995;164.059.631
21.01.2022;164.419.998;166.330.002;162.300.003;162.410.004;161.965.378
24.01.2022;160.020.004;162.300.003;154.699.997;161.619.995;161.177.521
25.01.2022;158.979.996;162.759.995;157.020.004;159.779.999;159.342.560
26.01.2022;163.500.000;164.389.999;157.820.007;159.690.002;159.252.823
27.01.2022;162.449.997;163.839.996;158.279.999;159.220.001;158.784.103
28.01.2022;165.710.007;170.350.006;162.800.003;170.330.002;169.863.693
31.01.2022;170.160.004;175.000.000;169.509.995;174.779.999;174.301.498
01.02.2022;174.009.995;174.839.996;172.309.998;174.610.001;174.131.989
02.02.2022;174.750.000;175.880.005;173.330.002;175.839.996;175.358.597
03.02.2022;174.479.996;176.240.005;172.119.995;172.899.994;172.426.651
04.02.2022;171.679.993;174.100.006;170.679.993;172.389.999;172.137.085
07.02.2022;172.860.001;173.949.997;170.949.997;171.660.004;171.408.157
08.02.2022;171.729.996;175.350.006;171.429.993;174.830.002;174.573.502
09.02.2022;176.050.003;176.649.994;174.899.994;176.279.999;176.021.378
10.02.2022;174.139.999;175.479.996;171.550.003;172.119.995;171.867.477
11.02.2022;172.330.002;173.080.002;168.039.993;168.639.999;168.392.593
14.02.2022;167.369.995;169.580.002;166.559.998;168.880.005;168.632.233
15.02.2022;170.970.001;172.949.997;170.250.000;172.789.993;172.536.499
16.02.2022;171.850.006;173.339.996;170.050.003;172.550.003;172.296.860
17.02.2022;171.029.999;171.910.004;168.470.001;168.880.005;168.632.233
18.02.2022;169.820.007;170.539.993;166.190.002;167.300.003;167.054.550
22.02.2022;164.979.996;166.690.002;162.149.994;164.320.007;164.078.934
23.02.2022;165.539.993;166.149.994;159.750.000;160.070.007;159.835.175
24.02.2022;152.580.002;162.850.006;152.000.000;162.740.005;162.501.251
25.02.2022;163.839.996;165.119.995;160.869.995;164.850.006;164.608.154
28.02.2022;163.059.998;165.419.998;162.429.993;165.119.995;164.877.747
01.03.2022;164.699.997;166.600.006;161.970.001;163.199.997;162.960.571
02.03.2022;164.389.999;167.360.001;162.949.997;166.559.998;166.315.643
03.03.2022;168.470.001;168.910.004;165.550.003;166.229.996;165.986.115
04.03.2022;164.490.005;165.550.003;162.100.006;163.169.998;162.930.603
07.03.2022;163.360.001;165.020.004;159.039.993;159.300.003;159.066.299
08.03.2022;158.820.007;162.880.005;155.800.003;157.440.002;157.209.015
09.03.2022;161.479.996;163.410.004;159.410.004;162.949.997;162.710.938
10.03.2022;160.199.997;160.389.999;155.979.996;158.520.004;158.287.445
11.03.2022;158.929.993;159.279.999;154.500.000;154.729.996;154.502.991
14.03.2022;151.449.997;154.119.995;150.100.006;150.619.995;150.399.017
15.03.2022;150.899.994;155.570.007;150.380.005;155.089.996;154.862.457
16.03.2022;157.050.003;160.000.000;154.460.007;159.589.996;159.355.865
17.03.2022;158.610.001;161.000.000;157.630.005;160.619.995;160.384.354
18.03.2022;160.509.995;164.479.996;159.759.995;163.979.996;163.739.426
21.03.2022;163.509.995;166.350.006;163.009.995;165.380.005;165.137.375
22.03.2022;165.509.995;169.419.998;164.910.004;168.820.007;168.572.327
23.03.2022;167.990.005;172.639.999;167.649.994;170.210.007;169.960.297
24.03.2022;171.059.998;174.139.999;170.210.007;174.070.007;173.814.621
25.03.2022;173.880.005;175.279.999;172.750.000;174.720.001;174.463.669
28.03.2022;172.169.998;175.729.996;172.000.000;175.600.006;175.342.377
29.03.2022;176.690.002;179.009.995;176.339.996;178.960.007;178.697.449
30.03.2022;178.550.003;179.610.001;176.699.997;177.770.004;177.509.201
31.03.2022;177.839.996;178.029.999;174.399.994;174.610.001;174.353.836
01.04.2022;174.029.999;174.880.005;171.940.002;174.309.998;174.054.260
04.04.2022;174.570.007;178.490.005;174.440.002;178.440.002;178.178.207
05.04.2022;177.500.000;178.300.003;174.419.998;175.059.998;174.803.162
06.04.2022;172.360.001;173.630.005;170.130.005;171.830.002;171.577.911
07.04.2022;171.160.004;173.360.001;169.850.006;172.139.999;171.887.451
08.04.2022;171.779.999;171.779.999;169.199.997;170.089.996;169.840.454
11.04.2022;168.710.007;169.029.999;165.500.000;165.750.000;165.506.821
12.04.2022;168.020.004;169.869.995;166.639.999;167.660.004;167.414.032
13.04.2022;167.389.999;171.039.993;166.770.004;170.399.994;170.149.994
14.04.2022;170.619.995;171.270.004;165.039.993;165.289.993;165.047.501
18.04.2022;163.919.998;166.600.006;163.570.007;165.070.007;164.827.835
19.04.2022;165.020.004;167.820.007;163.910.004;167.399.994;167.154.404
20.04.2022;168.759.995;168.880.005;166.100.006;167.229.996;166.984.650
21.04.2022;168.910.004;171.529.999;165.910.004;166.419.998;166.175.842
22.04.2022;166.460.007;167.869.995;161.500.000;161.789.993;161.552.628
25.04.2022;161.119.995;163.169.998;158.460.007;162.880.005;162.641.037
26.04.2022;162.250.000;162.339.996;156.720.001;156.800.003;156.569.962
27.04.2022;155.910.004;159.789.993;155.380.005;156.570.007;156.340.302
28.04.2022;159.250.000;164.520.004;158.929.993;163.639.999;163.399.918
29.04.2022;161.839.996;166.199.997;157.250.000;157.649.994;157.418.701
02.05.2022;156.710.007;158.229.996;153.270.004;157.960.007;157.728.256
03.05.2022;158.149.994;160.710.007;156.320.007;159.479.996;159.246.017
04.05.2022;159.669.998;166.479.996;159.259.995;166.020.004;165.776.428
05.05.2022;163.850.006;164.080.002;154.949.997;156.770.004;156.540.009
06.05.2022;156.009.995;159.440.002;154.179.993;157.279.999;157.279.999
09.05.2022;154.929.993;155.830.002;151.490.005;152.059.998;152.059.998
10.05.2022;155.520.004;156.740.005;152.929.993;154.509.995;154.509.995
11.05.2022;153.500.000;155.449.997;145.809.998;146.500.000;146.500.000
12.05.2022;142.770.004;146.199.997;138.800.003;142.559.998;142.559.998
13.05.2022;144.589.996;148.100.006;143.110.001;147.110.001;147.110.001
16.05.2022;145.550.003;147.520.004;144.179.993;145.539.993;145.539.993
17.05.2022;148.860.001;149.770.004;146.679.993;149.240.005;149.240.005
18.05.2022;146.850.006;147.360.001;139.899.994;140.820.007;140.820.007
19.05.2022;139.880.005;141.660.004;136.600.006;137.350.006;137.350.006
20.05.2022;139.089.996;140.699.997;132.610.001;137.589.996;137.589.996
23.05.2022;137.789.993;143.259.995;137.649.994;143.110.001;143.110.001
24.05.2022;140.809.998;141.970.001;137.330.002;140.360.001;140.360.001
25.05.2022;138.429.993;141.789.993;138.339.996;140.520.004;140.520.004
26.05.2022;137.389.999;144.339.996;137.139.999;143.779.999;143.779.999
27.05.2022;145.389.999;149.679.993;145.259.995;149.639.999;149.639.999
31.05.2022;149.070.007;150.660.004;146.839.996;148.839.996;148.839.996
01.06.2022;149.899.994;151.740.005;147.679.993;148.710.007;148.710.007
02.06.2022;147.830.002;151.270.004;146.860.001;151.210.007;151.210.007
03.06.2022;146.899.994;147.970.001;144.460.007;145.380.005;145.380.005
06.06.2022;147.029.999;148.570.007;144.899.994;146.139.999;146.139.999
07.06.2022;144.350.006;149.000.000;144.100.006;148.710.007;148.710.007
08.06.2022;148.580.002;149.869.995;147.460.007;147.960.007;147.960.007
09.06.2022;147.080.002;147.949.997;142.529.999;142.639.999;142.639.999
10.06.2022;140.279.999;140.759.995;137.059.998;137.130.005;137.130.005
13.06.2022;132.869.995;135.199.997;131.440.002;131.880.005;131.880.005
14.06.2022;133.130.005;133.889.999;131.479.996;132.759.995;132.759.995
15.06.2022;134.289.993;137.339.996;132.160.004;135.429.993;135.429.993
16.06.2022;132.080.002;132.389.999;129.039.993;130.059.998;130.059.998
17.06.2022;130.070.007;133.080.002;129.809.998;131.559.998;131.559.998
21.06.2022;133.419.998;137.059.998;133.320.007;135.869.995;135.869.995
22.06.2022;134.789.993;137.759.995;133.910.004;135.350.006;135.350.006
23.06.2022;136.820.007;138.589.996;135.630.005;138.270.004;138.270.004
24.06.2022;139.899.994;141.910.004;139.770.004;141.660.004;141.660.004
27.06.2022;142.699.997;143.490.005;140.970.001;141.660.004;141.660.004
28.06.2022;142.130.005;143.419.998;137.320.007;137.440.002;137.440.002
29.06.2022;137.460.007;140.669.998;136.669.998;139.229.996;139.229.996
30.06.2022;137.250.000;138.369.995;133.770.004;136.720.001;136.720.001
01.07.2022;136.039.993;139.039.993;135.660.004;138.929.993;138.929.993
05.07.2022;137.770.004;141.610.001;136.929.993;141.559.998;141.559.998
06.07.2022;141.350.006;144.119.995;141.080.002;142.919.998;142.919.998
07.07.2022;143.289.993;146.550.003;143.279.999;146.350.006;146.350.006
08.07.2022;145.259.995;147.550.003;145.000.000;147.039.993;147.039.993
11.07.2022;145.669.998;146.639.999;143.779.999;144.869.995;144.869.995
12.07.2022;145.759.995;148.449.997;145.050.003;145.860.001;145.860.001
